င	Nga
ငက်	Nget
ငင်	Ngin
ငင့်	Ngin
ငင်း	Ngin
ငစ်	Ngit
ငည်	Ngyi
ငည့်	Ngyi
ငည်း	Ngyi
ငတ်	Ngat
ငန်	Ngan
ငန့်	Ngan
ငန်း	Ngan
ငပ်	Ngap
ငမ်	Ngam
ငမ့်	Ngam
ငမ်း	Ngam
ငယ်	Ngae
ငံ	Ngan
ငံ့	Ngan
ငါ	Ngar
ငါ့	Ngar
ငါး	Ngar
ငိ	Ngi
ငိတ်	Ngeik
ငိန်	Ngein
ငိန့်	Ngein
ငိန်း	Ngein
ငိပ်	Ngeik
ငိမ်	Ngein
ငိမ့်	Ngein
ငိမ်း	Ngein
ငီ	Ngee
ငီး	Ngee
ငု	Ngu
ငုတ်	Ngok
ငုန်	Ngon
ငုန့်	Ngon
ငုန်း	Ngon
ငုပ်	Ngok
ငုံ	Ngon
ငုံ့	Ngon
ငုံး	Ngon
ငူ	Ngoo
ငူး	Ngoo
ငေ	Ngay
ငေ့	Ngay
ငေး	Ngay
ငဲ	Ngae
ငဲ့	Ngae
ငေါ	Ngaw
ငေါ့	Ngaw
ငေါက်	Ngauk
ငေါင်	Ngaung
ငေါင့်	Ngaung
ငေါင်း	Ngaung
ငေါ်	Ngaw
ငို	Ngo
ငို့	Ngo
ငိုး	Ngo
ငိုက်	Ngaik
ငိုင်	Ngaing
ငိုင့်	Ngaing
ငိုင်း	Ngaing
ငျ	Ngya
ငျက်	Ngyet
ငျင်	Ngyin
ငျင့်	Ngyin
ငျင်း	Ngyin
ငျစ်	Ngyit
ငျည်	Ngyi
ငျည့်	Ngyi
ငျည်း	Ngyi
ငျတ်	Ngyat
ငျန်	Ngyan
ငျန့်	Ngyan
ငျန်း	Ngyan
ငျပ်	Ngyap
ငျမ်	Ngyam
ငျမ့်	Ngyam
ငျမ်း	Ngyam
ငျယ်	Ngyae
ငျံ	Ngyan
ငျံ့	Ngyan
ငျာ	Ngyar
ငျာ့	Ngyar
ငျား	Ngyar
ငျိ	Ngyi
ငျိတ်	Ngyeik
ငျိန်	Ngyein
ငျိန့်	Ngyein
ငျိန်း	Ngyein
ငျိပ်	Ngyeik
ငျိမ်	Ngyein
ငျိမ့်	Ngyein
ငျိမ်း	Ngyein
ငျီ	Ngyee
ငျီး	Ngyee
ငျု	Ngyu
ငျုတ်	Ngyok
ငျုန်	Ngyon
ငျုန့်	Ngyon
ငျုန်း	Ngyon
ငျုပ်	Ngyok
ငျုံ	Ngyon
ငျုံ့	Ngyon
ငျုံး	Ngyon
ငျူ	Ngyoo
ငျူး	Ngyoo
ငျေ	Ngyay
ငျေ့	Ngyay
ငျေး	Ngyay
ငျဲ	Ngyae
ငျဲ့	Ngyae
ငျော	Ngyaw
ငျော့	Ngyaw
ငျောက်	Ngyauk
ငျောင်	Ngyaung
ငျောင့်	Ngyaung
ငျောင်း	Ngyaung
ငျော်	Ngyaw
ငျို	Ngyo
ငျို့	Ngyo
ငျိုး	Ngyo
ငျိုက်	Ngyaik
ငျိုင်	Ngyaing
ငျိုင့်	Ngyaing
ငျိုင်း	Ngyaing
ငြ	Ngya
ငြက်	Ngyet
ငြင်	Ngyin
ငြင့်	Ngyin
ငြင်း	Ngyin
ငြစ်	Ngyit
ငြည်	Ngyi
ငြည့်	Ngyi
ငြည်း	Ngyi
ငြတ်	Ngyat
ငြန်	Ngyan
ငြန့်	Ngyan
ငြန်း	Ngyan
ငြပ်	Ngyap
ငြမ်	Ngyam
ငြမ့်	Ngyam
ငြမ်း	Ngyam
ငြယ်	Ngyae
ငြံ	Ngyan
ငြံ့	Ngyan
ငြာ	Ngyar
ငြာ့	Ngyar
ငြား	Ngyar
ငြိ	Ngyi
ငြိတ်	Ngyeik
ငြိန်	Ngyein
ငြိန့်	Ngyein
ငြိန်း	Ngyein
ငြိပ်	Ngyeik
ငြိမ်	Ngyein
ငြိမ့်	Ngyein
ငြိမ်း	Ngyein
ငြီ	Ngyee
ငြီး	Ngyee
ငြု	Ngyu
ငြုတ်	Ngyok
ငြုန်	Ngyon
ငြုန့်	Ngyon
ငြုန်း	Ngyon
ငြုပ်	Ngyok
ငြုံ	Ngyon
ငြုံ့	Ngyon
ငြုံး	Ngyon
ငြူ	Ngyoo
ငြူး	Ngyoo
ငြေ	Ngyay
ငြေ့	Ngyay
ငြေး	Ngyay
ငြဲ	Ngyae
ငြဲ့	Ngyae
ငြော	Ngyaw
ငြော့	Ngyaw
ငြောက်	Ngyauk
ငြောင်	Ngyaung
ငြောင့်	Ngyaung
ငြောင်း	Ngyaung
ငြော်	Ngyaw
ငြို	Ngyo
ငြို့	Ngyo
ငြိုး	Ngyo
ငြိုက်	Ngyaik
ငြိုင်	Ngyaing
ငြိုင့်	Ngyaing
ငြိုင်း	Ngyaing
ငွ	Ngwa
ငွက်	Ngwet
ငွင်	Ngwin
ငွင့်	Ngwin
ငွင်း	Ngwin
ငွတ်	Ngwat
ငွန်	Ngwan
ငွန့်	Ngwan
ငွန်း	Ngwan
ငွပ်	Ngwap
ငွမ်	Ngwam
ငွမ့်	Ngwam
ငွမ်း	Ngwam
ငွာ	Ngwar
ငွာ့	Ngwar
ငွား	Ngwar
ငွိ	Ngwi
ငွီ	Ngwee
ငွီး	Ngwee
ငွေ	Ngway
ငွေ့	Ngway
ငွေး	Ngway
ငွဲ	Ngwae
ငွဲ့	Ngwae
ငွော်	Ngwaw
ငျွ	Ngywa
ငျွက်	Ngywet
ငျွင်	Ngywin
ငျွင့်	Ngywin
ငျွင်း	Ngywin
ငျွတ်	Ngywat
ငျွန်	Ngywan
ငျွန့်	Ngywan
ငျွန်း	Ngywan
ငျွပ်	Ngywap
ငျွမ်	Ngywam
ငျွမ့်	Ngywam
ငျွမ်း	Ngywam
ငျွာ	Ngywar
ငျွာ့	Ngywar
ငျွား	Ngywar
ငျွိ	Ngywi
ငျွီ	Ngywee
ငျွီး	Ngywee
ငျွေ	Ngyway
ငျွေ့	Ngyway
ငျွေး	Ngyway
ငျွဲ	Ngywae
ငျွဲ့	Ngywae
ငျွော်	Ngywaw
ငြွ	Ngywa
ငြွက်	Ngywet
ငြွင်	Ngywin
ငြွင့်	Ngywin
ငြွင်း	Ngywin
ငြွတ်	Ngywat
ငြွန်	Ngywan
ငြွန့်	Ngywan
ငြွန်း	Ngywan
ငြွပ်	Ngywap
ငြွမ်	Ngywam
ငြွမ့်	Ngywam
ငြွမ်း	Ngywam
ငြွာ	Ngywar
ငြွာ့	Ngywar
ငြွား	Ngywar
ငြွိ	Ngywi
ငြွီ	Ngywee
ငြွီး	Ngywee
ငြွေ	Ngyway
ငြွေ့	Ngyway
ငြွေး	Ngyway
ငြွဲ	Ngywae
ငြွဲ့	Ngywae
ငြွော်	Ngywaw
ငှ	Ngha
ငှက်	Nghet
ငှင်	Nghin
ငှင့်	Nghin
ငှင်း	Nghin
ငှစ်	Nghit
ငှည်	Nghyi
ငှည့်	Nghyi
ငှည်း	Nghyi
ငှတ်	Nghat
ငှန်	Nghan
ငှန့်	Nghan
ငှန်း	Nghan
ငှပ်	Nghap
ငှမ်	Ngham
ငှမ့်	Ngham
ငှမ်း	Ngham
ငှယ်	Nghae
ငှံ	Nghan
ငှံ့	Nghan
ငှာ	Nghar
ငှာ့	Nghar
ငှား	Nghar
ငှိ	Nghi
ငှိတ်	Ngheik
ငှိန်	Nghein
ငှိန့်	Nghein
ငှိန်း	Nghein
ငှိပ်	Ngheik
ငှိမ်	Nghein
ငှိမ့်	Nghein
ငှိမ်း	Nghein
ငှီ	Nghee
ငှီး	Nghee
ငှု	Nghu
ငှုတ်	Nghok
ငှုန်	Nghon
ငှုန့်	Nghon
ငှုန်း	Nghon
ငှုပ်	Nghok
ငှုံ	Nghon
ငှုံ့	Nghon
ငှုံး	Nghon
ငှူ	Nghoo
ငှူး	Nghoo
ငှေ	Nghay
ငှေ့	Nghay
ငှေး	Nghay
ငှဲ	Nghae
ငှဲ့	Nghae
ငှော	Nghaw
ငှော့	Nghaw
ငှောက်	Nghauk
ငှောင်	Nghaung
ငှောင့်	Nghaung
ငှောင်း	Nghaung
ငှော်	Nghaw
ငှို	Ngho
ငှို့	Ngho
ငှိုး	Ngho
ငှိုက်	Nghaik
ငှိုင်	Nghaing
ငှိုင့်	Nghaing
ငှိုင်း	Nghaing
ငျှ	Ngyha
ငျှက်	Ngyhet
ငျှင်	Ngyhin
ငျှင့်	Ngyhin
ငျှင်း	Ngyhin
ငျှစ်	Ngyhit
ငျှည်	Ngyhi
ငျှည့်	Ngyhi
ငျှည်း	Ngyhi
ငျှတ်	Ngyhat
ငျှန်	Ngyhan
ငျှန့်	Ngyhan
ငျှန်း	Ngyhan
ငျှပ်	Ngyhap
ငျှမ်	Ngyham
ငျှမ့်	Ngyham
ငျှမ်း	Ngyham
ငျှယ်	Ngyhae
ငျှံ	Ngyhan
ငျှံ့	Ngyhan
ငျှာ	Ngyhar
ငျှာ့	Ngyhar
ငျှား	Ngyhar
ငျှိ	Ngyhi
ငျှိတ်	Ngyheik
ငျှိန်	Ngyhein
ငျှိန့်	Ngyhein
ငျှိန်း	Ngyhein
ငျှိပ်	Ngyheik
ငျှိမ်	Ngyhein
ငျှိမ့်	Ngyhein
ငျှိမ်း	Ngyhein
ငျှီ	Ngyhee
ငျှီး	Ngyhee
ငျှု	Ngyhu
ငျှုတ်	Ngyhok
ငျှုန်	Ngyhon
ငျှုန့်	Ngyhon
ငျှုန်း	Ngyhon
ငျှုပ်	Ngyhok
ငျှုံ	Ngyhon
ငျှုံ့	Ngyhon
ငျှုံး	Ngyhon
ငျှူ	Ngyhoo
ငျှူး	Ngyhoo
ငျှေ	Ngyhay
ငျှေ့	Ngyhay
ငျှေး	Ngyhay
ငျှဲ	Ngyhae
ငျှဲ့	Ngyhae
ငျှော	Ngyhaw
ငျှော့	Ngyhaw
ငျှောက်	Ngyhauk
ငျှောင်	Ngyhaung
ငျှောင့်	Ngyhaung
ငျှောင်း	Ngyhaung
ငျှော်	Ngyhaw
ငျှို	Ngyho
ငျှို့	Ngyho
ငျှိုး	Ngyho
ငျှိုက်	Ngyhaik
ငျှိုင်	Ngyhaing
ငျှိုင့်	Ngyhaing
ငျှိုင်း	Ngyhaing
ငြှ	Ngyha
ငြှက်	Ngyhet
ငြှင်	Ngyhin
ငြှင့်	Ngyhin
ငြှင်း	Ngyhin
ငြှစ်	Ngyhit
ငြှည်	Ngyhi
ငြှည့်	Ngyhi
ငြှည်း	Ngyhi
ငြှတ်	Ngyhat
ငြှန်	Ngyhan
ငြှန့်	Ngyhan
ငြှန်း	Ngyhan
ငြှပ်	Ngyhap
ငြှမ်	Ngyham
ငြှမ့်	Ngyham
ငြှမ်း	Ngyham
ငြှယ်	Ngyhae
ငြှံ	Ngyhan
ငြှံ့	Ngyhan
ငြှာ	Ngyhar
ငြှာ့	Ngyhar
ငြှား	Ngyhar
ငြှိ	Ngyhi
ငြှိတ်	Ngyheik
ငြှိန်	Ngyhein
ငြှိန့်	Ngyhein
ငြှိန်း	Ngyhein
ငြှိပ်	Ngyheik
ငြှိမ်	Ngyhein
ငြှိမ့်	Ngyhein
ငြှိမ်း	Ngyhein
ငြှီ	Ngyhee
ငြှီး	Ngyhee
ငြှု	Ngyhu
ငြှုတ်	Ngyhok
ငြှုန်	Ngyhon
ငြှုန့်	Ngyhon
ငြှုန်း	Ngyhon
ငြှုပ်	Ngyhok
ငြှုံ	Ngyhon
ငြှုံ့	Ngyhon
ငြှုံး	Ngyhon
ငြှူ	Ngyhoo
ငြှူး	Ngyhoo
ငြှေ	Ngyhay
ငြှေ့	Ngyhay
ငြှေး	Ngyhay
ငြှဲ	Ngyhae
ငြှဲ့	Ngyhae
ငြှော	Ngyhaw
ငြှော့	Ngyhaw
ငြှောက်	Ngyhauk
ငြှောင်	Ngyhaung
ငြှောင့်	Ngyhaung
ငြှောင်း	Ngyhaung
ငြှော်	Ngyhaw
ငြှို	Ngyho
ငြှို့	Ngyho
ငြှိုး	Ngyho
ငြှိုက်	Ngyhaik
ငြှိုင်	Ngyhaing
ငြှိုင့်	Ngyhaing
ငြှိုင်း	Ngyhaing
ငွှ	Nghwa
ငွှက်	Nghwet
ငွှင်	Nghwin
ငွှင့်	Nghwin
ငွှင်း	Nghwin
ငွှတ်	Nghwat
ငွှန်	Nghwan
ငွှန့်	Nghwan
ငွှန်း	Nghwan
ငွှပ်	Nghwap
ငွှမ်	Nghwam
ငွှမ့်	Nghwam
ငွှမ်း	Nghwam
ငွှာ	Nghwar
ငွှာ့	Nghwar
ငွှား	Nghwar
ငွှိ	Nghwi
ငွှီ	Nghwee
ငွှီး	Nghwee
ငွှေ	Nghway
ငွှေ့	Nghway
ငွှေး	Nghway
ငွှဲ	Nghwae
ငွှဲ့	Nghwae
ငွှော်	Nghwaw
ငျွှ	Ngyhwa
ငျွှက်	Ngyhwet
ငျွှင်	Ngyhwin
ငျွှင့်	Ngyhwin
ငျွှင်း	Ngyhwin
ငျွှတ်	Ngyhwat
ငျွှန်	Ngyhwan
ငျွှန့်	Ngyhwan
ငျွှန်း	Ngyhwan
ငျွှပ်	Ngyhwap
ငျွှမ်	Ngyhwam
ငျွှမ့်	Ngyhwam
ငျွှမ်း	Ngyhwam
ငျွှာ	Ngyhwar
ငျွှာ့	Ngyhwar
ငျွှား	Ngyhwar
ငျွှိ	Ngyhwi
ငျွှီ	Ngyhwee
ငျွှီး	Ngyhwee
ငျွှေ	Ngyhway
ငျွှေ့	Ngyhway
ငျွှေး	Ngyhway
ငျွှဲ	Ngyhwae
ငျွှဲ့	Ngyhwae
ငျွှော်	Ngyhwaw
ငြွှ	Ngyhwa
ငြွှက်	Ngyhwet
ငြွှင်	Ngyhwin
ငြွှင့်	Ngyhwin
ငြွှင်း	Ngyhwin
ငြွှတ်	Ngyhwat
ငြွှန်	Ngyhwan
ငြွှန့်	Ngyhwan
ငြွှန်း	Ngyhwan
ငြွှပ်	Ngyhwap
ငြွှမ်	Ngyhwam
ငြွှမ့်	Ngyhwam
ငြွှမ်း	Ngyhwam
ငြွှာ	Ngyhwar
ငြွှာ့	Ngyhwar
ငြွှား	Ngyhwar
ငြွှိ	Ngyhwi
ငြွှီ	Ngyhwee
ငြွှီး	Ngyhwee
ငြွှေ	Ngyhway
ငြွှေ့	Ngyhway
ငြွှေး	Ngyhway
ငြွှဲ	Ngyhwae
ငြွှဲ့	Ngyhwae
ငြွှော်	Ngyhwaw