ဇ	Za
ဇက်	Zet
ဇင်	Zin
ဇင့်	Zin
ဇင်း	Zin
ဇစ်	Zit
ဇည်	Zyi
ဇည့်	Zyi
ဇည်း	Zyi
ဇတ်	Zat
ဇန်	Zan
ဇန့်	Zan
ဇန်း	Zan
ဇပ်	Zap
ဇမ်	Zam
ဇမ့်	Zam
ဇမ်း	Zam
ဇယ်	Zae
ဇံ	Zan
ဇံ့	Zan
ဇာ	Zar
ဇာ့	Zar
ဇား	Zar
ဇိ	Zi
ဇိတ်	Zeik
ဇိန်	Zein
ဇိန့်	Zein
ဇိန်း	Zein
ဇိပ်	Zeik
ဇိမ်	Zein
ဇိမ့်	Zein
ဇိမ်း	Zein
ဇီ	Zee
ဇီး	Zee
ဇု	Zu
ဇုတ်	Zok
ဇုန်	Zon
ဇုန့်	Zon
ဇုန်း	Zon
ဇုပ်	Zok
ဇုံ	Zon
ဇုံ့	Zon
ဇုံး	Zon
ဇူ	Zoo
ဇူး	Zoo
ဇေ	Zay
ဇေ့	Zay
ဇေး	Zay
ဇဲ	Zae
ဇဲ့	Zae
ဇော	Zaw
ဇော့	Zaw
ဇောက်	Zauk
ဇောင်	Zaung
ဇောင့်	Zaung
ဇောင်း	Zaung
ဇော်	Zaw
ဇို	Zo
ဇို့	Zo
ဇိုး	Zo
ဇိုက်	Zaik
ဇိုင်	Zaing
ဇိုင့်	Zaing
ဇိုင်း	Zaing
ဇျ	Zya
ဇျက်	Zyet
ဇျင်	Zyin
ဇျင့်	Zyin
ဇျင်း	Zyin
ဇျစ်	Zyit
ဇျည်	Zyi
ဇျည့်	Zyi
ဇျည်း	Zyi
ဇျတ်	Zyat
ဇျန်	Zyan
ဇျန့်	Zyan
ဇျန်း	Zyan
ဇျပ်	Zyap
ဇျမ်	Zyam
ဇျမ့်	Zyam
ဇျမ်း	Zyam
ဇျယ်	Zyae
ဇျံ	Zyan
ဇျံ့	Zyan
ဇျာ	Zyar
ဇျာ့	Zyar
ဇျား	Zyar
ဇျိ	Zyi
ဇျိတ်	Zyeik
ဇျိန်	Zyein
ဇျိန့်	Zyein
ဇျိန်း	Zyein
ဇျိပ်	Zyeik
ဇျိမ်	Zyein
ဇျိမ့်	Zyein
ဇျိမ်း	Zyein
ဇျီ	Zyee
ဇျီး	Zyee
ဇျု	Zyu
ဇျုတ်	Zyok
ဇျုန်	Zyon
ဇျုန့်	Zyon
ဇျုန်း	Zyon
ဇျုပ်	Zyok
ဇျုံ	Zyon
ဇျုံ့	Zyon
ဇျုံး	Zyon
ဇျူ	Zyoo
ဇျူး	Zyoo
ဇျေ	Zyay
ဇျေ့	Zyay
ဇျေး	Zyay
ဇျဲ	Zyae
ဇျဲ့	Zyae
ဇျော	Zyaw
ဇျော့	Zyaw
ဇျောက်	Zyauk
ဇျောင်	Zyaung
ဇျောင့်	Zyaung
ဇျောင်း	Zyaung
ဇျော်	Zyaw
ဇျို	Zyo
ဇျို့	Zyo
ဇျိုး	Zyo
ဇျိုက်	Zyaik
ဇျိုင်	Zyaing
ဇျိုင့်	Zyaing
ဇျိုင်း	Zyaing
ဇြ	Zya
ဇြက်	Zyet
ဇြင်	Zyin
ဇြင့်	Zyin
ဇြင်း	Zyin
ဇြစ်	Zyit
ဇြည်	Zyi
ဇြည့်	Zyi
ဇြည်း	Zyi
ဇြတ်	Zyat
ဇြန်	Zyan
ဇြန့်	Zyan
ဇြန်း	Zyan
ဇြပ်	Zyap
ဇြမ်	Zyam
ဇြမ့်	Zyam
ဇြမ်း	Zyam
ဇြယ်	Zyae
ဇြံ	Zyan
ဇြံ့	Zyan
ဇြာ	Zyar
ဇြာ့	Zyar
ဇြား	Zyar
ဇြိ	Zyi
ဇြိတ်	Zyeik
ဇြိန်	Zyein
ဇြိန့်	Zyein
ဇြိန်း	Zyein
ဇြိပ်	Zyeik
ဇြိမ်	Zyein
ဇြိမ့်	Zyein
ဇြိမ်း	Zyein
ဇြီ	Zyee
ဇြီး	Zyee
ဇြု	Zyu
ဇြုတ်	Zyok
ဇြုန်	Zyon
ဇြုန့်	Zyon
ဇြုန်း	Zyon
ဇြုပ်	Zyok
ဇြုံ	Zyon
ဇြုံ့	Zyon
ဇြုံး	Zyon
ဇြူ	Zyoo
ဇြူး	Zyoo
ဇြေ	Zyay
ဇြေ့	Zyay
ဇြေး	Zyay
ဇြဲ	Zyae
ဇြဲ့	Zyae
ဇြော	Zyaw
ဇြော့	Zyaw
ဇြောက်	Zyauk
ဇြောင်	Zyaung
ဇြောင့်	Zyaung
ဇြောင်း	Zyaung
ဇြော်	Zyaw
ဇြို	Zyo
ဇြို့	Zyo
ဇြိုး	Zyo
ဇြိုက်	Zyaik
ဇြိုင်	Zyaing
ဇြိုင့်	Zyaing
ဇြိုင်း	Zyaing
ဇွ	Zwa
ဇွက်	Zwet
ဇွင်	Zwin
ဇွင့်	Zwin
ဇွင်း	Zwin
ဇွတ်	Zwat
ဇွန်	Zwan
ဇွန့်	Zwan
ဇွန်း	Zwan
ဇွပ်	Zwap
ဇွမ်	Zwam
ဇွမ့်	Zwam
ဇွမ်း	Zwam
ဇွာ	Zwar
ဇွာ့	Zwar
ဇွား	Zwar
ဇွိ	Zwi
ဇွီ	Zwee
ဇွီး	Zwee
ဇွေ	Zway
ဇွေ့	Zway
ဇွေး	Zway
ဇွဲ	Zwae
ဇွဲ့	Zwae
ဇွော်	Zwaw
ဇျွ	Zywa
ဇျွက်	Zywet
ဇျွင်	Zywin
ဇျွင့်	Zywin
ဇျွင်း	Zywin
ဇျွတ်	Zywat
ဇျွန်	Zywan
ဇျွန့်	Zywan
ဇျွန်း	Zywan
ဇျွပ်	Zywap
ဇျွမ်	Zywam
ဇျွမ့်	Zywam
ဇျွမ်း	Zywam
ဇျွာ	Zywar
ဇျွာ့	Zywar
ဇျွား	Zywar
ဇျွိ	Zywi
ဇျွီ	Zywee
ဇျွီး	Zywee
ဇျွေ	Zyway
ဇျွေ့	Zyway
ဇျွေး	Zyway
ဇျွဲ	Zywae
ဇျွဲ့	Zywae
ဇျွော်	Zywaw
ဇြွ	Zywa
ဇြွက်	Zywet
ဇြွင်	Zywin
ဇြွင့်	Zywin
ဇြွင်း	Zywin
ဇြွတ်	Zywat
ဇြွန်	Zywan
ဇြွန့်	Zywan
ဇြွန်း	Zywan
ဇြွပ်	Zywap
ဇြွမ်	Zywam
ဇြွမ့်	Zywam
ဇြွမ်း	Zywam
ဇြွာ	Zywar
ဇြွာ့	Zywar
ဇြွား	Zywar
ဇြွိ	Zywi
ဇြွီ	Zywee
ဇြွီး	Zywee
ဇြွေ	Zyway
ဇြွေ့	Zyway
ဇြွေး	Zyway
ဇြွဲ	Zywae
ဇြွဲ့	Zywae
ဇြွော်	Zywaw