ည	Nya
ညက်	Nyet
ညင်	Nyin
ညင့်	Nyin
ညင်း	Nyin
ညစ်	Nyit
ညည်	Nyyi
ညည့်	Nyyi
ညည်း	Nyyi
ညတ်	Nyat
ညန်	Nyan
ညန့်	Nyan
ညန်း	Nyan
ညပ်	Nyap
ညမ်	Nyam
ညမ့်	Nyam
ညမ်း	Nyam
ညယ်	Nyae
ညံ	Nyan
ညံ့	Nyan
ညာ	Nyar
ညာ့	Nyar
ညား	Nyar
ညိ	Nyi
ညိတ်	Nyeik
ညိန်	Nyein
ညိန့်	Nyein
ညိန်း	Nyein
ညိပ်	Nyeik
ညိမ်	Nyein
ညိမ့်	Nyein
ညိမ်း	Nyein
ညီ	Nyee
ညီး	Nyee
ညု	Nyu
ညုတ်	Nyok
ညုန်	Nyon
ညုန့်	Nyon
ညုန်း	Nyon
ညုပ်	Nyok
ညုံ	Nyon
ညုံ့	Nyon
ညုံး	Nyon
ညူ	Nyoo
ညူး	Nyoo
ညေ	Nyay
ညေ့	Nyay
ညေး	Nyay
ညဲ	Nyae
ညဲ့	Nyae
ညော	Nyaw
ညော့	Nyaw
ညောက်	Nyauk
ညောင်	Nyaung
ညောင့်	Nyaung
ညောင်း	Nyaung
ညော်	Nyaw
ညို	Nyo
ညို့	Nyo
ညိုး	Nyo
ညိုက်	Nyaik
ညိုင်	Nyaing
ညိုင့်	Nyaing
ညိုင်း	Nyaing
ညျ	Nyya
ညျက်	Nyyet
ညျင်	Nyyin
ညျင့်	Nyyin
ညျင်း	Nyyin
ညျစ်	Nyyit
ညျည်	Nyyyi
ညျည့်	Nyyyi
ညျည်း	Nyyyi
ညျတ်	Nyyat
ညျန်	Nyyan
ညျန့်	Nyyan
ညျန်း	Nyyan
ညျပ်	Nyyap
ညျမ်	Nyyam
ညျမ့်	Nyyam
ညျမ်း	Nyyam
ညျယ်	Nyyae
ညျံ	Nyyan
ညျံ့	Nyyan
ညျာ	Nyyar
ညျာ့	Nyyar
ညျား	Nyyar
ညျိ	Nyyi
ညျိတ်	Nyyeik
ညျိန်	Nyyein
ညျိန့်	Nyyein
ညျိန်း	Nyyein
ညျိပ်	Nyyeik
ညျိမ်	Nyyein
ညျိမ့်	Nyyein
ညျိမ်း	Nyyein
ညျီ	Nyyee
ညျီး	Nyyee
ညျု	Nyyu
ညျုတ်	Nyyok
ညျုန်	Nyyon
ညျုန့်	Nyyon
ညျုန်း	Nyyon
ညျုပ်	Nyyok
ညျုံ	Nyyon
ညျုံ့	Nyyon
ညျုံး	Nyyon
ညျူ	Nyyoo
ညျူး	Nyyoo
ညျေ	Nyyay
ညျေ့	Nyyay
ညျေး	Nyyay
ညျဲ	Nyyae
ညျဲ့	Nyyae
ညျော	Nyyaw
ညျော့	Nyyaw
ညျောက်	Nyyauk
ညျောင်	Nyyaung
ညျောင့်	Nyyaung
ညျောင်း	Nyyaung
ညျော်	Nyyaw
ညျို	Nyyo
ညျို့	Nyyo
ညျိုး	Nyyo
ညျိုက်	Nyyaik
ညျိုင်	Nyyaing
ညျိုင့်	Nyyaing
ညျိုင်း	Nyyaing
ညြ	Nyya
ညြက်	Nyyet
ညြင်	Nyyin
ညြင့်	Nyyin
ညြင်း	Nyyin
ညြစ်	Nyyit
ညြည်	Nyyyi
ညြည့်	Nyyyi
ညြည်း	Nyyyi
ညြတ်	Nyyat
ညြန်	Nyyan
ညြန့်	Nyyan
ညြန်း	Nyyan
ညြပ်	Nyyap
ညြမ်	Nyyam
ညြမ့်	Nyyam
ညြမ်း	Nyyam
ညြယ်	Nyyae
ညြံ	Nyyan
ညြံ့	Nyyan
ညြာ	Nyyar
ညြာ့	Nyyar
ညြား	Nyyar
ညြိ	Nyyi
ညြိတ်	Nyyeik
ညြိန်	Nyyein
ညြိန့်	Nyyein
ညြိန်း	Nyyein
ညြိပ်	Nyyeik
ညြိမ်	Nyyein
ညြိမ့်	Nyyein
ညြိမ်း	Nyyein
ညြီ	Nyyee
ညြီး	Nyyee
ညြု	Nyyu
ညြုတ်	Nyyok
ညြုန်	Nyyon
ညြုန့်	Nyyon
ညြုန်း	Nyyon
ညြုပ်	Nyyok
ညြုံ	Nyyon
ညြုံ့	Nyyon
ညြုံး	Nyyon
ညြူ	Nyyoo
ညြူး	Nyyoo
ညြေ	Nyyay
ညြေ့	Nyyay
ညြေး	Nyyay
ညြဲ	Nyyae
ညြဲ့	Nyyae
ညြော	Nyyaw
ညြော့	Nyyaw
ညြောက်	Nyyauk
ညြောင်	Nyyaung
ညြောင့်	Nyyaung
ညြောင်း	Nyyaung
ညြော်	Nyyaw
ညြို	Nyyo
ညြို့	Nyyo
ညြိုး	Nyyo
ညြိုက်	Nyyaik
ညြိုင်	Nyyaing
ညြိုင့်	Nyyaing
ညြိုင်း	Nyyaing
ညွ	Nywa
ညွက်	Nywet
ညွင်	Nywin
ညွင့်	Nywin
ညွင်း	Nywin
ညွတ်	Nywat
ညွန်	Nywan
ညွန့်	Nywan
ညွန်း	Nywan
ညွပ်	Nywap
ညွမ်	Nywam
ညွမ့်	Nywam
ညွမ်း	Nywam
ညွာ	Nywar
ညွာ့	Nywar
ညွား	Nywar
ညွိ	Nywi
ညွီ	Nywee
ညွီး	Nywee
ညွေ	Nyway
ညွေ့	Nyway
ညွေး	Nyway
ညွဲ	Nywae
ညွဲ့	Nywae
ညွော်	Nywaw
ညျွ	Nyywa
ညျွက်	Nyywet
ညျွင်	Nyywin
ညျွင့်	Nyywin
ညျွင်း	Nyywin
ညျွတ်	Nyywat
ညျွန်	Nyywan
ညျွန့်	Nyywan
ညျွန်း	Nyywan
ညျွပ်	Nyywap
ညျွမ်	Nyywam
ညျွမ့်	Nyywam
ညျွမ်း	Nyywam
ညျွာ	Nyywar
ညျွာ့	Nyywar
ညျွား	Nyywar
ညျွိ	Nyywi
ညျွီ	Nyywee
ညျွီး	Nyywee
ညျွေ	Nyyway
ညျွေ့	Nyyway
ညျွေး	Nyyway
ညျွဲ	Nyywae
ညျွဲ့	Nyywae
ညျွော်	Nyywaw
ညြွ	Nyywa
ညြွက်	Nyywet
ညြွင်	Nyywin
ညြွင့်	Nyywin
ညြွင်း	Nyywin
ညြွတ်	Nyywat
ညြွန်	Nyywan
ညြွန့်	Nyywan
ညြွန်း	Nyywan
ညြွပ်	Nyywap
ညြွမ်	Nyywam
ညြွမ့်	Nyywam
ညြွမ်း	Nyywam
ညြွာ	Nyywar
ညြွာ့	Nyywar
ညြွား	Nyywar
ညြွိ	Nyywi
ညြွီ	Nyywee
ညြွီး	Nyywee
ညြွေ	Nyyway
ညြွေ့	Nyyway
ညြွေး	Nyyway
ညြွဲ	Nyywae
ညြွဲ့	Nyywae
ညြွော်	Nyywaw
ညှ	Nyha
ညှက်	Nyhet
ညှင်	Nyhin
ညှင့်	Nyhin
ညှင်း	Nyhin
ညှစ်	Nyhit
ညှည်	Nyhyi
ညှည့်	Nyhyi
ညှည်း	Nyhyi
ညှတ်	Nyhat
ညှန်	Nyhan
ညှန့်	Nyhan
ညှန်း	Nyhan
ညှပ်	Nyhap
ညှမ်	Nyham
ညှမ့်	Nyham
ညှမ်း	Nyham
ညှယ်	Nyhae
ညှံ	Nyhan
ညှံ့	Nyhan
ညှာ	Nyhar
ညှာ့	Nyhar
ညှား	Nyhar
ညှိ	Nyhi
ညှိတ်	Nyheik
ညှိန်	Nyhein
ညှိန့်	Nyhein
ညှိန်း	Nyhein
ညှိပ်	Nyheik
ညှိမ်	Nyhein
ညှိမ့်	Nyhein
ညှိမ်း	Nyhein
ညှီ	Nyhee
ညှီး	Nyhee
ညှု	Nyhu
ညှုတ်	Nyhok
ညှုန်	Nyhon
ညှုန့်	Nyhon
ညှုန်း	Nyhon
ညှုပ်	Nyhok
ညှုံ	Nyhon
ညှုံ့	Nyhon
ညှုံး	Nyhon
ညှူ	Nyhoo
ညှူး	Nyhoo
ညှေ	Nyhay
ညှေ့	Nyhay
ညှေး	Nyhay
ညှဲ	Nyhae
ညှဲ့	Nyhae
ညှော	Nyhaw
ညှော့	Nyhaw
ညှောက်	Nyhauk
ညှောင်	Nyhaung
ညှောင့်	Nyhaung
ညှောင်း	Nyhaung
ညှော်	Nyhaw
ညှို	Nyho
ညှို့	Nyho
ညှိုး	Nyho
ညှိုက်	Nyhaik
ညှိုင်	Nyhaing
ညှိုင့်	Nyhaing
ညှိုင်း	Nyhaing
ညျှ	Nyyha
ညျှက်	Nyyhet
ညျှင်	Nyyhin
ညျှင့်	Nyyhin
ညျှင်း	Nyyhin
ညျှစ်	Nyyhit
ညျှည်	Nyyhyi
ညျှည့်	Nyyhyi
ညျှည်း	Nyyhyi
ညျှတ်	Nyyhat
ညျှန်	Nyyhan
ညျှန့်	Nyyhan
ညျှန်း	Nyyhan
ညျှပ်	Nyyhap
ညျှမ်	Nyyham
ညျှမ့်	Nyyham
ညျှမ်း	Nyyham
ညျှယ်	Nyyhae
ညျှံ	Nyyhan
ညျှံ့	Nyyhan
ညျှာ	Nyyhar
ညျှာ့	Nyyhar
ညျှား	Nyyhar
ညျှိ	Nyyhi
ညျှိတ်	Nyyheik
ညျှိန်	Nyyhein
ညျှိန့်	Nyyhein
ညျှိန်း	Nyyhein
ညျှိပ်	Nyyheik
ညျှိမ်	Nyyhein
ညျှိမ့်	Nyyhein
ညျှိမ်း	Nyyhein
ညျှီ	Nyyhee
ညျှီး	Nyyhee
ညျှု	Nyyhu
ညျှုတ်	Nyyhok
ညျှုန်	Nyyhon
ညျှုန့်	Nyyhon
ညျှုန်း	Nyyhon
ညျှုပ်	Nyyhok
ညျှုံ	Nyyhon
ညျှုံ့	Nyyhon
ညျှုံး	Nyyhon
ညျှူ	Nyyhoo
ညျှူး	Nyyhoo
ညျှေ	Nyyhay
ညျှေ့	Nyyhay
ညျှေး	Nyyhay
ညျှဲ	Nyyhae
ညျှဲ့	Nyyhae
ညျှော	Nyyhaw
ညျှော့	Nyyhaw
ညျှောက်	Nyyhauk
ညျှောင်	Nyyhaung
ညျှောင့်	Nyyhaung
ညျှောင်း	Nyyhaung
ညျှော်	Nyyhaw
ညျှို	Nyyho
ညျှို့	Nyyho
ညျှိုး	Nyyho
ညျှိုက်	Nyyhaik
ညျှိုင်	Nyyhaing
ညျှိုင့်	Nyyhaing
ညျှိုင်း	Nyyhaing
ညြှ	Nyyha
ညြှက်	Nyyhet
ညြှင်	Nyyhin
ညြှင့်	Nyyhin
ညြှင်း	Nyyhin
ညြှစ်	Nyyhit
ညြှည်	Nyyhyi
ညြှည့်	Nyyhyi
ညြှည်း	Nyyhyi
ညြှတ်	Nyyhat
ညြှန်	Nyyhan
ညြှန့်	Nyyhan
ညြှန်း	Nyyhan
ညြှပ်	Nyyhap
ညြှမ်	Nyyham
ညြှမ့်	Nyyham
ညြှမ်း	Nyyham
ညြှယ်	Nyyhae
ညြှံ	Nyyhan
ညြှံ့	Nyyhan
ညြှာ	Nyyhar
ညြှာ့	Nyyhar
ညြှား	Nyyhar
ညြှိ	Nyyhi
ညြှိတ်	Nyyheik
ညြှိန်	Nyyhein
ညြှိန့်	Nyyhein
ညြှိန်း	Nyyhein
ညြှိပ်	Nyyheik
ညြှိမ်	Nyyhein
ညြှိမ့်	Nyyhein
ညြှိမ်း	Nyyhein
ညြှီ	Nyyhee
ညြှီး	Nyyhee
ညြှု	Nyyhu
ညြှုတ်	Nyyhok
ညြှုန်	Nyyhon
ညြှုန့်	Nyyhon
ညြှုန်း	Nyyhon
ညြှုပ်	Nyyhok
ညြှုံ	Nyyhon
ညြှုံ့	Nyyhon
ညြှုံး	Nyyhon
ညြှူ	Nyyhoo
ညြှူး	Nyyhoo
ညြှေ	Nyyhay
ညြှေ့	Nyyhay
ညြှေး	Nyyhay
ညြှဲ	Nyyhae
ညြှဲ့	Nyyhae
ညြှော	Nyyhaw
ညြှော့	Nyyhaw
ညြှောက်	Nyyhauk
ညြှောင်	Nyyhaung
ညြှောင့်	Nyyhaung
ညြှောင်း	Nyyhaung
ညြှော်	Nyyhaw
ညြှို	Nyyho
ညြှို့	Nyyho
ညြှိုး	Nyyho
ညြှိုက်	Nyyhaik
ညြှိုင်	Nyyhaing
ညြှိုင့်	Nyyhaing
ညြှိုင်း	Nyyhaing
ညွှ	Nyhwa
ညွှက်	Nyhwet
ညွှင်	Nyhwin
ညွှင့်	Nyhwin
ညွှင်း	Nyhwin
ညွှတ်	Nyhwat
ညွှန်	Nyhwan
ညွှန့်	Nyhwan
ညွှန်း	Nyhwan
ညွှပ်	Nyhwap
ညွှမ်	Nyhwam
ညွှမ့်	Nyhwam
ညွှမ်း	Nyhwam
ညွှာ	Nyhwar
ညွှာ့	Nyhwar
ညွှား	Nyhwar
ညွှိ	Nyhwi
ညွှီ	Nyhwee
ညွှီး	Nyhwee
ညွှေ	Nyhway
ညွှေ့	Nyhway
ညွှေး	Nyhway
ညွှဲ	Nyhwae
ညွှဲ့	Nyhwae
ညွှော်	Nyhwaw
ညျွှ	Nyyhwa
ညျွှက်	Nyyhwet
ညျွှင်	Nyyhwin
ညျွှင့်	Nyyhwin
ညျွှင်း	Nyyhwin
ညျွှတ်	Nyyhwat
ညျွှန်	Nyyhwan
ညျွှန့်	Nyyhwan
ညျွှန်း	Nyyhwan
ညျွှပ်	Nyyhwap
ညျွှမ်	Nyyhwam
ညျွှမ့်	Nyyhwam
ညျွှမ်း	Nyyhwam
ညျွှာ	Nyyhwar
ညျွှာ့	Nyyhwar
ညျွှား	Nyyhwar
ညျွှိ	Nyyhwi
ညျွှီ	Nyyhwee
ညျွှီး	Nyyhwee
ညျွှေ	Nyyhway
ညျွှေ့	Nyyhway
ညျွှေး	Nyyhway
ညျွှဲ	Nyyhwae
ညျွှဲ့	Nyyhwae
ညျွှော်	Nyyhwaw
ညြွှ	Nyyhwa
ညြွှက်	Nyyhwet
ညြွှင်	Nyyhwin
ညြွှင့်	Nyyhwin
ညြွှင်း	Nyyhwin
ညြွှတ်	Nyyhwat
ညြွှန်	Nyyhwan
ညြွှန့်	Nyyhwan
ညြွှန်း	Nyyhwan
ညြွှပ်	Nyyhwap
ညြွှမ်	Nyyhwam
ညြွှမ့်	Nyyhwam
ညြွှမ်း	Nyyhwam
ညြွှာ	Nyyhwar
ညြွှာ့	Nyyhwar
ညြွှား	Nyyhwar
ညြွှိ	Nyyhwi
ညြွှီ	Nyyhwee
ညြွှီး	Nyyhwee
ညြွှေ	Nyyhway
ညြွှေ့	Nyyhway
ညြွှေး	Nyyhway
ညြွှဲ	Nyyhwae
ညြွှဲ့	Nyyhwae
ညြွှော်	Nyyhwaw