ဌ	Hta
ဌက်	Htet
ဌင်	Htin
ဌင့်	Htin
ဌင်း	Htin
ဌစ်	Htit
ဌည်	Htyi
ဌည့်	Htyi
ဌည်း	Htyi
ဌတ်	Htat
ဌန်	Htan
ဌန့်	Htan
ဌန်း	Htan
ဌပ်	Htap
ဌမ်	Htam
ဌမ့်	Htam
ဌမ်း	Htam
ဌယ်	Htae
ဌံ	Htan
ဌံ့	Htan
ဌာ	Htar
ဌာ့	Htar
ဌား	Htar
ဌိ	Hti
ဌိတ်	Hteik
ဌိန်	Htein
ဌိန့်	Htein
ဌိန်း	Htein
ဌိပ်	Hteik
ဌိမ်	Htein
ဌိမ့်	Htein
ဌိမ်း	Htein
ဌီ	Htee
ဌီး	Htee
ဌု	Htu
ဌုတ်	Htok
ဌုန်	Hton
ဌုန့်	Hton
ဌုန်း	Hton
ဌုပ်	Htok
ဌုံ	Hton
ဌုံ့	Hton
ဌုံး	Hton
ဌူ	Htoo
ဌူး	Htoo
ဌေ	Htay
ဌေ့	Htay
ဌေး	Htay
ဌဲ	Htae
ဌဲ့	Htae
ဌော	Htaw
ဌော့	Htaw
ဌောက်	Htauk
ဌောင်	Htaung
ဌောင့်	Htaung
ဌောင်း	Htaung
ဌော်	Htaw
ဌို	Hto
ဌို့	Hto
ဌိုး	Hto
ဌိုက်	Htaik
ဌိုင်	Htaing
ဌိုင့်	Htaing
ဌိုင်း	Htaing
ဌျ	Htya
ဌျက်	Htyet
ဌျင်	Htyin
ဌျင့်	Htyin
ဌျင်း	Htyin
ဌျစ်	Htyit
ဌျည်	Htyi
ဌျည့်	Htyi
ဌျည်း	Htyi
ဌျတ်	Htyat
ဌျန်	Htyan
ဌျန့်	Htyan
ဌျန်း	Htyan
ဌျပ်	Htyap
ဌျမ်	Htyam
ဌျမ့်	Htyam
ဌျမ်း	Htyam
ဌျယ်	Htyae
ဌျံ	Htyan
ဌျံ့	Htyan
ဌျာ	Htyar
ဌျာ့	Htyar
ဌျား	Htyar
ဌျိ	Htyi
ဌျိတ်	Htyeik
ဌျိန်	Htyein
ဌျိန့်	Htyein
ဌျိန်း	Htyein
ဌျိပ်	Htyeik
ဌျိမ်	Htyein
ဌျိမ့်	Htyein
ဌျိမ်း	Htyein
ဌျီ	Htyee
ဌျီး	Htyee
ဌျု	Htyu
ဌျုတ်	Htyok
ဌျုန်	Htyon
ဌျုန့်	Htyon
ဌျုန်း	Htyon
ဌျုပ်	Htyok
ဌျုံ	Htyon
ဌျုံ့	Htyon
ဌျုံး	Htyon
ဌျူ	Htyoo
ဌျူး	Htyoo
ဌျေ	Htyay
ဌျေ့	Htyay
ဌျေး	Htyay
ဌျဲ	Htyae
ဌျဲ့	Htyae
ဌျော	Htyaw
ဌျော့	Htyaw
ဌျောက်	Htyauk
ဌျောင်	Htyaung
ဌျောင့်	Htyaung
ဌျောင်း	Htyaung
ဌျော်	Htyaw
ဌျို	Htyo
ဌျို့	Htyo
ဌျိုး	Htyo
ဌျိုက်	Htyaik
ဌျိုင်	Htyaing
ဌျိုင့်	Htyaing
ဌျိုင်း	Htyaing
ဌြ	Htya
ဌြက်	Htyet
ဌြင်	Htyin
ဌြင့်	Htyin
ဌြင်း	Htyin
ဌြစ်	Htyit
ဌြည်	Htyi
ဌြည့်	Htyi
ဌြည်း	Htyi
ဌြတ်	Htyat
ဌြန်	Htyan
ဌြန့်	Htyan
ဌြန်း	Htyan
ဌြပ်	Htyap
ဌြမ်	Htyam
ဌြမ့်	Htyam
ဌြမ်း	Htyam
ဌြယ်	Htyae
ဌြံ	Htyan
ဌြံ့	Htyan
ဌြာ	Htyar
ဌြာ့	Htyar
ဌြား	Htyar
ဌြိ	Htyi
ဌြိတ်	Htyeik
ဌြိန်	Htyein
ဌြိန့်	Htyein
ဌြိန်း	Htyein
ဌြိပ်	Htyeik
ဌြိမ်	Htyein
ဌြိမ့်	Htyein
ဌြိမ်း	Htyein
ဌြီ	Htyee
ဌြီး	Htyee
ဌြု	Htyu
ဌြုတ်	Htyok
ဌြုန်	Htyon
ဌြုန့်	Htyon
ဌြုန်း	Htyon
ဌြုပ်	Htyok
ဌြုံ	Htyon
ဌြုံ့	Htyon
ဌြုံး	Htyon
ဌြူ	Htyoo
ဌြူး	Htyoo
ဌြေ	Htyay
ဌြေ့	Htyay
ဌြေး	Htyay
ဌြဲ	Htyae
ဌြဲ့	Htyae
ဌြော	Htyaw
ဌြော့	Htyaw
ဌြောက်	Htyauk
ဌြောင်	Htyaung
ဌြောင့်	Htyaung
ဌြောင်း	Htyaung
ဌြော်	Htyaw
ဌြို	Htyo
ဌြို့	Htyo
ဌြိုး	Htyo
ဌြိုက်	Htyaik
ဌြိုင်	Htyaing
ဌြိုင့်	Htyaing
ဌြိုင်း	Htyaing
ဌွ	Htwa
ဌွက်	Htwet
ဌွင်	Htwin
ဌွင့်	Htwin
ဌွင်း	Htwin
ဌွတ်	Htwat
ဌွန်	Htwan
ဌွန့်	Htwan
ဌွန်း	Htwan
ဌွပ်	Htwap
ဌွမ်	Htwam
ဌွမ့်	Htwam
ဌွမ်း	Htwam
ဌွာ	Htwar
ဌွာ့	Htwar
ဌွား	Htwar
ဌွိ	Htwi
ဌွီ	Htwee
ဌွီး	Htwee
ဌွေ	Htway
ဌွေ့	Htway
ဌွေး	Htway
ဌွဲ	Htwae
ဌွဲ့	Htwae
ဌွော်	Htwaw
ဌျွ	Htywa
ဌျွက်	Htywet
ဌျွင်	Htywin
ဌျွင့်	Htywin
ဌျွင်း	Htywin
ဌျွတ်	Htywat
ဌျွန်	Htywan
ဌျွန့်	Htywan
ဌျွန်း	Htywan
ဌျွပ်	Htywap
ဌျွမ်	Htywam
ဌျွမ့်	Htywam
ဌျွမ်း	Htywam
ဌျွာ	Htywar
ဌျွာ့	Htywar
ဌျွား	Htywar
ဌျွိ	Htywi
ဌျွီ	Htywee
ဌျွီး	Htywee
ဌျွေ	Htyway
ဌျွေ့	Htyway
ဌျွေး	Htyway
ဌျွဲ	Htywae
ဌျွဲ့	Htywae
ဌျွော်	Htywaw
ဌြွ	Htywa
ဌြွက်	Htywet
ဌြွင်	Htywin
ဌြွင့်	Htywin
ဌြွင်း	Htywin
ဌြွတ်	Htywat
ဌြွန်	Htywan
ဌြွန့်	Htywan
ဌြွန်း	Htywan
ဌြွပ်	Htywap
ဌြွမ်	Htywam
ဌြွမ့်	Htywam
ဌြွမ်း	Htywam
ဌြွာ	Htywar
ဌြွာ့	Htywar
ဌြွား	Htywar
ဌြွိ	Htywi
ဌြွီ	Htywee
ဌြွီး	Htywee
ဌြွေ	Htyway
ဌြွေ့	Htyway
ဌြွေး	Htyway
ဌြွဲ	Htywae
ဌြွဲ့	Htywae
ဌြွော်	Htywaw