ဎ	Dha
ဎက်	Dhet
ဎင်	Dhin
ဎင့်	Dhin
ဎင်း	Dhin
ဎစ်	Dhit
ဎည်	Dhyi
ဎည့်	Dhyi
ဎည်း	Dhyi
ဎတ်	Dhat
ဎန်	Dhan
ဎန့်	Dhan
ဎန်း	Dhan
ဎပ်	Dhap
ဎမ်	Dham
ဎမ့်	Dham
ဎမ်း	Dham
ဎယ်	Dhae
ဎံ	Dhan
ဎံ့	Dhan
ဎာ	Dhar
ဎာ့	Dhar
ဎား	Dhar
ဎိ	Dhi
ဎိတ်	Dheik
ဎိန်	Dhein
ဎိန့်	Dhein
ဎိန်း	Dhein
ဎိပ်	Dheik
ဎိမ်	Dhein
ဎိမ့်	Dhein
ဎိမ်း	Dhein
ဎီ	Dhee
ဎီး	Dhee
ဎု	Dhu
ဎုတ်	Dhok
ဎုန်	Dhon
ဎုန့်	Dhon
ဎုန်း	Dhon
ဎုပ်	Dhok
ဎုံ	Dhon
ဎုံ့	Dhon
ဎုံး	Dhon
ဎူ	Dhoo
ဎူး	Dhoo
ဎေ	Dhay
ဎေ့	Dhay
ဎေး	Dhay
ဎဲ	Dhae
ဎဲ့	Dhae
ဎော	Dhaw
ဎော့	Dhaw
ဎောက်	Dhauk
ဎောင်	Dhaung
ဎောင့်	Dhaung
ဎောင်း	Dhaung
ဎော်	Dhaw
ဎို	Dho
ဎို့	Dho
ဎိုး	Dho
ဎိုက်	Dhaik
ဎိုင်	Dhaing
ဎိုင့်	Dhaing
ဎိုင်း	Dhaing
ဎျ	Dhya
ဎျက်	Dhyet
ဎျင်	Dhyin
ဎျင့်	Dhyin
ဎျင်း	Dhyin
ဎျစ်	Dhyit
ဎျည်	Dhyi
ဎျည့်	Dhyi
ဎျည်း	Dhyi
ဎျတ်	Dhyat
ဎျန်	Dhyan
ဎျန့်	Dhyan
ဎျန်း	Dhyan
ဎျပ်	Dhyap
ဎျမ်	Dhyam
ဎျမ့်	Dhyam
ဎျမ်း	Dhyam
ဎျယ်	Dhyae
ဎျံ	Dhyan
ဎျံ့	Dhyan
ဎျာ	Dhyar
ဎျာ့	Dhyar
ဎျား	Dhyar
ဎျိ	Dhyi
ဎျိတ်	Dhyeik
ဎျိန်	Dhyein
ဎျိန့်	Dhyein
ဎျိန်း	Dhyein
ဎျိပ်	Dhyeik
ဎျိမ်	Dhyein
ဎျိမ့်	Dhyein
ဎျိမ်း	Dhyein
ဎျီ	Dhyee
ဎျီး	Dhyee
ဎျု	Dhyu
ဎျုတ်	Dhyok
ဎျုန်	Dhyon
ဎျုန့်	Dhyon
ဎျုန်း	Dhyon
ဎျုပ်	Dhyok
ဎျုံ	Dhyon
ဎျုံ့	Dhyon
ဎျုံး	Dhyon
ဎျူ	Dhyoo
ဎျူး	Dhyoo
ဎျေ	Dhyay
ဎျေ့	Dhyay
ဎျေး	Dhyay
ဎျဲ	Dhyae
ဎျဲ့	Dhyae
ဎျော	Dhyaw
ဎျော့	Dhyaw
ဎျောက်	Dhyauk
ဎျောင်	Dhyaung
ဎျောင့်	Dhyaung
ဎျောင်း	Dhyaung
ဎျော်	Dhyaw
ဎျို	Dhyo
ဎျို့	Dhyo
ဎျိုး	Dhyo
ဎျိုက်	Dhyaik
ဎျိုင်	Dhyaing
ဎျိုင့်	Dhyaing
ဎျိုင်း	Dhyaing
ဎြ	Dhya
ဎြက်	Dhyet
ဎြင်	Dhyin
ဎြင့်	Dhyin
ဎြင်း	Dhyin
ဎြစ်	Dhyit
ဎြည်	Dhyi
ဎြည့်	Dhyi
ဎြည်း	Dhyi
ဎြတ်	Dhyat
ဎြန်	Dhyan
ဎြန့်	Dhyan
ဎြန်း	Dhyan
ဎြပ်	Dhyap
ဎြမ်	Dhyam
ဎြမ့်	Dhyam
ဎြမ်း	Dhyam
ဎြယ်	Dhyae
ဎြံ	Dhyan
ဎြံ့	Dhyan
ဎြာ	Dhyar
ဎြာ့	Dhyar
ဎြား	Dhyar
ဎြိ	Dhyi
ဎြိတ်	Dhyeik
ဎြိန်	Dhyein
ဎြိန့်	Dhyein
ဎြိန်း	Dhyein
ဎြိပ်	Dhyeik
ဎြိမ်	Dhyein
ဎြိမ့်	Dhyein
ဎြိမ်း	Dhyein
ဎြီ	Dhyee
ဎြီး	Dhyee
ဎြု	Dhyu
ဎြုတ်	Dhyok
ဎြုန်	Dhyon
ဎြုန့်	Dhyon
ဎြုန်း	Dhyon
ဎြုပ်	Dhyok
ဎြုံ	Dhyon
ဎြုံ့	Dhyon
ဎြုံး	Dhyon
ဎြူ	Dhyoo
ဎြူး	Dhyoo
ဎြေ	Dhyay
ဎြေ့	Dhyay
ဎြေး	Dhyay
ဎြဲ	Dhyae
ဎြဲ့	Dhyae
ဎြော	Dhyaw
ဎြော့	Dhyaw
ဎြောက်	Dhyauk
ဎြောင်	Dhyaung
ဎြောင့်	Dhyaung
ဎြောင်း	Dhyaung
ဎြော်	Dhyaw
ဎြို	Dhyo
ဎြို့	Dhyo
ဎြိုး	Dhyo
ဎြိုက်	Dhyaik
ဎြိုင်	Dhyaing
ဎြိုင့်	Dhyaing
ဎြိုင်း	Dhyaing
ဎွ	Dhwa
ဎွက်	Dhwet
ဎွင်	Dhwin
ဎွင့်	Dhwin
ဎွင်း	Dhwin
ဎွတ်	Dhwat
ဎွန်	Dhwan
ဎွန့်	Dhwan
ဎွန်း	Dhwan
ဎွပ်	Dhwap
ဎွမ်	Dhwam
ဎွမ့်	Dhwam
ဎွမ်း	Dhwam
ဎွာ	Dhwar
ဎွာ့	Dhwar
ဎွား	Dhwar
ဎွိ	Dhwi
ဎွီ	Dhwee
ဎွီး	Dhwee
ဎွေ	Dhway
ဎွေ့	Dhway
ဎွေး	Dhway
ဎွဲ	Dhwae
ဎွဲ့	Dhwae
ဎွော်	Dhwaw
ဎျွ	Dhywa
ဎျွက်	Dhywet
ဎျွင်	Dhywin
ဎျွင့်	Dhywin
ဎျွင်း	Dhywin
ဎျွတ်	Dhywat
ဎျွန်	Dhywan
ဎျွန့်	Dhywan
ဎျွန်း	Dhywan
ဎျွပ်	Dhywap
ဎျွမ်	Dhywam
ဎျွမ့်	Dhywam
ဎျွမ်း	Dhywam
ဎျွာ	Dhywar
ဎျွာ့	Dhywar
ဎျွား	Dhywar
ဎျွိ	Dhywi
ဎျွီ	Dhywee
ဎျွီး	Dhywee
ဎျွေ	Dhyway
ဎျွေ့	Dhyway
ဎျွေး	Dhyway
ဎျွဲ	Dhywae
ဎျွဲ့	Dhywae
ဎျွော်	Dhywaw
ဎြွ	Dhywa
ဎြွက်	Dhywet
ဎြွင်	Dhywin
ဎြွင့်	Dhywin
ဎြွင်း	Dhywin
ဎြွတ်	Dhywat
ဎြွန်	Dhywan
ဎြွန့်	Dhywan
ဎြွန်း	Dhywan
ဎြွပ်	Dhywap
ဎြွမ်	Dhywam
ဎြွမ့်	Dhywam
ဎြွမ်း	Dhywam
ဎြွာ	Dhywar
ဎြွာ့	Dhywar
ဎြွား	Dhywar
ဎြွိ	Dhywi
ဎြွီ	Dhywee
ဎြွီး	Dhywee
ဎြွေ	Dhyway
ဎြွေ့	Dhyway
ဎြွေး	Dhyway
ဎြွဲ	Dhywae
ဎြွဲ့	Dhywae
ဎြွော်	Dhywaw