ထ	Hta
ထက်	Htet
ထင်	Htin
ထင့်	Htin
ထင်း	Htin
ထစ်	Htit
ထည်	Htyi
ထည့်	Htyi
ထည်း	Htyi
ထတ်	Htat
ထန်	Htan
ထန့်	Htan
ထန်း	Htan
ထပ်	Htap
ထမ်	Htam
ထမ့်	Htam
ထမ်း	Htam
ထယ်	Htae
ထံ	Htan
ထံ့	Htan
ထာ	Htar
ထာ့	Htar
ထား	Htar
ထိ	Hti
ထိတ်	Hteik
ထိန်	Htein
ထိန့်	Htein
ထိန်း	Htein
ထိပ်	Hteik
ထိမ်	Htein
ထိမ့်	Htein
ထိမ်း	Htein
ထီ	Htee
ထီး	Htee
ထု	Htu
ထုတ်	Htok
ထုန်	Hton
ထုန့်	Hton
ထုန်း	Hton
ထုပ်	Htok
ထုံ	Hton
ထုံ့	Hton
ထုံး	Hton
ထူ	Htoo
ထူး	Htoo
ထေ	Htay
ထေ့	Htay
ထေး	Htay
ထဲ	Htae
ထဲ့	Htae
ထော	Htaw
ထော့	Htaw
ထောက်	Htauk
ထောင်	Htaung
ထောင့်	Htaung
ထောင်း	Htaung
ထော်	Htaw
ထို	Hto
ထို့	Hto
ထိုး	Hto
ထိုက်	Htaik
ထိုင်	Htaing
ထိုင့်	Htaing
ထိုင်း	Htaing
ထျ	Htya
ထျက်	Htyet
ထျင်	Htyin
ထျင့်	Htyin
ထျင်း	Htyin
ထျစ်	Htyit
ထျည်	Htyi
ထျည့်	Htyi
ထျည်း	Htyi
ထျတ်	Htyat
ထျန်	Htyan
ထျန့်	Htyan
ထျန်း	Htyan
ထျပ်	Htyap
ထျမ်	Htyam
ထျမ့်	Htyam
ထျမ်း	Htyam
ထျယ်	Htyae
ထျံ	Htyan
ထျံ့	Htyan
ထျာ	Htyar
ထျာ့	Htyar
ထျား	Htyar
ထျိ	Htyi
ထျိတ်	Htyeik
ထျိန်	Htyein
ထျိန့်	Htyein
ထျိန်း	Htyein
ထျိပ်	Htyeik
ထျိမ်	Htyein
ထျိမ့်	Htyein
ထျိမ်း	Htyein
ထျီ	Htyee
ထျီး	Htyee
ထျု	Htyu
ထျုတ်	Htyok
ထျုန်	Htyon
ထျုန့်	Htyon
ထျုန်း	Htyon
ထျုပ်	Htyok
ထျုံ	Htyon
ထျုံ့	Htyon
ထျုံး	Htyon
ထျူ	Htyoo
ထျူး	Htyoo
ထျေ	Htyay
ထျေ့	Htyay
ထျေး	Htyay
ထျဲ	Htyae
ထျဲ့	Htyae
ထျော	Htyaw
ထျော့	Htyaw
ထျောက်	Htyauk
ထျောင်	Htyaung
ထျောင့်	Htyaung
ထျောင်း	Htyaung
ထျော်	Htyaw
ထျို	Htyo
ထျို့	Htyo
ထျိုး	Htyo
ထျိုက်	Htyaik
ထျိုင်	Htyaing
ထျိုင့်	Htyaing
ထျိုင်း	Htyaing
ထြ	Htya
ထြက်	Htyet
ထြင်	Htyin
ထြင့်	Htyin
ထြင်း	Htyin
ထြစ်	Htyit
ထြည်	Htyi
ထြည့်	Htyi
ထြည်း	Htyi
ထြတ်	Htyat
ထြန်	Htyan
ထြန့်	Htyan
ထြန်း	Htyan
ထြပ်	Htyap
ထြမ်	Htyam
ထြမ့်	Htyam
ထြမ်း	Htyam
ထြယ်	Htyae
ထြံ	Htyan
ထြံ့	Htyan
ထြာ	Htyar
ထြာ့	Htyar
ထြား	Htyar
ထြိ	Htyi
ထြိတ်	Htyeik
ထြိန်	Htyein
ထြိန့်	Htyein
ထြိန်း	Htyein
ထြိပ်	Htyeik
ထြိမ်	Htyein
ထြိမ့်	Htyein
ထြိမ်း	Htyein
ထြီ	Htyee
ထြီး	Htyee
ထြု	Htyu
ထြုတ်	Htyok
ထြုန်	Htyon
ထြုန့်	Htyon
ထြုန်း	Htyon
ထြုပ်	Htyok
ထြုံ	Htyon
ထြုံ့	Htyon
ထြုံး	Htyon
ထြူ	Htyoo
ထြူး	Htyoo
ထြေ	Htyay
ထြေ့	Htyay
ထြေး	Htyay
ထြဲ	Htyae
ထြဲ့	Htyae
ထြော	Htyaw
ထြော့	Htyaw
ထြောက်	Htyauk
ထြောင်	Htyaung
ထြောင့်	Htyaung
ထြောင်း	Htyaung
ထြော်	Htyaw
ထြို	Htyo
ထြို့	Htyo
ထြိုး	Htyo
ထြိုက်	Htyaik
ထြိုင်	Htyaing
ထြိုင့်	Htyaing
ထြိုင်း	Htyaing
ထွ	Htwa
ထွက်	Htwet
ထွင်	Htwin
ထွင့်	Htwin
ထွင်း	Htwin
ထွတ်	Htwat
ထွန်	Htwan
ထွန့်	Htwan
ထွန်း	Htwan
ထွပ်	Htwap
ထွမ်	Htwam
ထွမ့်	Htwam
ထွမ်း	Htwam
ထွာ	Htwar
ထွာ့	Htwar
ထွား	Htwar
ထွိ	Htwi
ထွီ	Htwee
ထွီး	Htwee
ထွေ	Htway
ထွေ့	Htway
ထွေး	Htway
ထွဲ	Htwae
ထွဲ့	Htwae
ထွော်	Htwaw
ထျွ	Htywa
ထျွက်	Htywet
ထျွင်	Htywin
ထျွင့်	Htywin
ထျွင်း	Htywin
ထျွတ်	Htywat
ထျွန်	Htywan
ထျွန့်	Htywan
ထျွန်း	Htywan
ထျွပ်	Htywap
ထျွမ်	Htywam
ထျွမ့်	Htywam
ထျွမ်း	Htywam
ထျွာ	Htywar
ထျွာ့	Htywar
ထျွား	Htywar
ထျွိ	Htywi
ထျွီ	Htywee
ထျွီး	Htywee
ထျွေ	Htyway
ထျွေ့	Htyway
ထျွေး	Htyway
ထျွဲ	Htywae
ထျွဲ့	Htywae
ထျွော်	Htywaw
ထြွ	Htywa
ထြွက်	Htywet
ထြွင်	Htywin
ထြွင့်	Htywin
ထြွင်း	Htywin
ထြွတ်	Htywat
ထြွန်	Htywan
ထြွန့်	Htywan
ထြွန်း	Htywan
ထြွပ်	Htywap
ထြွမ်	Htywam
ထြွမ့်	Htywam
ထြွမ်း	Htywam
ထြွာ	Htywar
ထြွာ့	Htywar
ထြွား	Htywar
ထြွိ	Htywi
ထြွီ	Htywee
ထြွီး	Htywee
ထြွေ	Htyway
ထြွေ့	Htyway
ထြွေး	Htyway
ထြွဲ	Htywae
ထြွဲ့	Htywae
ထြွော်	Htywaw