ဓ	Dha
ဓက်	Dhet
ဓင်	Dhin
ဓင့်	Dhin
ဓင်း	Dhin
ဓစ်	Dhit
ဓည်	Dhyi
ဓည့်	Dhyi
ဓည်း	Dhyi
ဓတ်	Dhat
ဓန်	Dhan
ဓန့်	Dhan
ဓန်း	Dhan
ဓပ်	Dhap
ဓမ်	Dham
ဓမ့်	Dham
ဓမ်း	Dham
ဓယ်	Dhae
ဓံ	Dhan
ဓံ့	Dhan
ဓာ	Dhar
ဓာ့	Dhar
ဓား	Dhar
ဓိ	Dhi
ဓိတ်	Dheik
ဓိန်	Dhein
ဓိန့်	Dhein
ဓိန်း	Dhein
ဓိပ်	Dheik
ဓိမ်	Dhein
ဓိမ့်	Dhein
ဓိမ်း	Dhein
ဓီ	Dhee
ဓီး	Dhee
ဓု	Dhu
ဓုတ်	Dhok
ဓုန်	Dhon
ဓုန့်	Dhon
ဓုန်း	Dhon
ဓုပ်	Dhok
ဓုံ	Dhon
ဓုံ့	Dhon
ဓုံး	Dhon
ဓူ	Dhoo
ဓူး	Dhoo
ဓေ	Dhay
ဓေ့	Dhay
ဓေး	Dhay
ဓဲ	Dhae
ဓဲ့	Dhae
ဓော	Dhaw
ဓော့	Dhaw
ဓောက်	Dhauk
ဓောင်	Dhaung
ဓောင့်	Dhaung
ဓောင်း	Dhaung
ဓော်	Dhaw
ဓို	Dho
ဓို့	Dho
ဓိုး	Dho
ဓိုက်	Dhaik
ဓိုင်	Dhaing
ဓိုင့်	Dhaing
ဓိုင်း	Dhaing
ဓျ	Dhya
ဓျက်	Dhyet
ဓျင်	Dhyin
ဓျင့်	Dhyin
ဓျင်း	Dhyin
ဓျစ်	Dhyit
ဓျည်	Dhyi
ဓျည့်	Dhyi
ဓျည်း	Dhyi
ဓျတ်	Dhyat
ဓျန်	Dhyan
ဓျန့်	Dhyan
ဓျန်း	Dhyan
ဓျပ်	Dhyap
ဓျမ်	Dhyam
ဓျမ့်	Dhyam
ဓျမ်း	Dhyam
ဓျယ်	Dhyae
ဓျံ	Dhyan
ဓျံ့	Dhyan
ဓျာ	Dhyar
ဓျာ့	Dhyar
ဓျား	Dhyar
ဓျိ	Dhyi
ဓျိတ်	Dhyeik
ဓျိန်	Dhyein
ဓျိန့်	Dhyein
ဓျိန်း	Dhyein
ဓျိပ်	Dhyeik
ဓျိမ်	Dhyein
ဓျိမ့်	Dhyein
ဓျိမ်း	Dhyein
ဓျီ	Dhyee
ဓျီး	Dhyee
ဓျု	Dhyu
ဓျုတ်	Dhyok
ဓျုန်	Dhyon
ဓျုန့်	Dhyon
ဓျုန်း	Dhyon
ဓျုပ်	Dhyok
ဓျုံ	Dhyon
ဓျုံ့	Dhyon
ဓျုံး	Dhyon
ဓျူ	Dhyoo
ဓျူး	Dhyoo
ဓျေ	Dhyay
ဓျေ့	Dhyay
ဓျေး	Dhyay
ဓျဲ	Dhyae
ဓျဲ့	Dhyae
ဓျော	Dhyaw
ဓျော့	Dhyaw
ဓျောက်	Dhyauk
ဓျောင်	Dhaung
ဓျောင့်	Dhaung
ဓျောင်း	Dhaung
ဓျော်	Dhyaw
ဓျို	Dhyo
ဓျို့	Dhyo
ဓျိုး	Dhyo
ဓျိုက်	Dhaik
ဓျိုင်	Dhaing
ဓျိုင့်	Dhaing
ဓျိုင်း	Dhaing
ဓြ	Dhya
ဓြက်	Dhyet
ဓြင်	Dhyin
ဓြင့်	Dhyin
ဓြင်း	Dhyin
ဓြစ်	Dhyit
ဓြည်	Dhyi
ဓြည့်	Dhyi
ဓြည်း	Dhyi
ဓြတ်	Dhyat
ဓြန်	Dhyan
ဓြန့်	Dhyan
ဓြန်း	Dhyan
ဓြပ်	Dhyap
ဓြမ်	Dhyam
ဓြမ့်	Dhyam
ဓြမ်း	Dhyam
ဓြယ်	Dhyae
ဓြံ	Dhyan
ဓြံ့	Dhyan
ဓြာ	Dhyar
ဓြာ့	Dhyar
ဓြား	Dhyar
ဓြိ	Dhyi
ဓြိတ်	Dhyeik
ဓြိန်	Dhyein
ဓြိန့်	Dhyein
ဓြိန်း	Dhyein
ဓြိပ်	Dhyeik
ဓြိမ်	Dhyein
ဓြိမ့်	Dhyein
ဓြိမ်း	Dhyein
ဓြီ	Dhyee
ဓြီး	Dhyee
ဓြု	Dhyu
ဓြုတ်	Dhyok
ဓြုန်	Dhyon
ဓြုန့်	Dhyon
ဓြုန်း	Dhyon
ဓြုပ်	Dhyok
ဓြုံ	Dhyon
ဓြုံ့	Dhyon
ဓြုံး	Dhyon
ဓြူ	Dhyoo
ဓြူး	Dhyoo
ဓြေ	Dhyay
ဓြေ့	Dhyay
ဓြေး	Dhyay
ဓြဲ	Dhyae
ဓြဲ့	Dhyae
ဓြော	Dhyaw
ဓြော့	Dhyaw
ဓြောက်	Dhyauk
ဓြောင်	Dhaung
ဓြောင့်	Dhaung
ဓြောင်း	Dhaung
ဓြော်	Dhyaw
ဓြို	Dhyo
ဓြို့	Dhyo
ဓြိုး	Dhyo
ဓြိုက်	Dhaik
ဓြိုင်	Dhaing
ဓြိုင့်	Dhaing
ဓြိုင်း	Dhaing
ဓွ	Dhwa
ဓွက်	Dhwet
ဓွင်	Dhwin
ဓွင့်	Dhwin
ဓွင်း	Dhwin
ဓွတ်	Dhwat
ဓွန်	Dhwan
ဓွန့်	Dhwan
ဓွန်း	Dhwan
ဓွပ်	Dhwap
ဓွမ်	Dhwam
ဓွမ့်	Dhwam
ဓွမ်း	Dhwam
ဓွာ	Dhwar
ဓွာ့	Dhwar
ဓွား	Dhwar
ဓွိ	Dhwi
ဓွီ	Dhwee
ဓွီး	Dhwee
ဓွေ	Dhway
ဓွေ့	Dhway
ဓွေး	Dhway
ဓွဲ	Dhwae
ဓွဲ့	Dhwae
ဓွော်	Dhwaw
ဓျွ	Dhywa
ဓျွက်	Dhywet
ဓျွင်	Dhywin
ဓျွင့်	Dhywin
ဓျွင်း	Dhywin
ဓျွတ်	Dhywat
ဓျွန်	Dhywan
ဓျွန့်	Dhywan
ဓျွန်း	Dhywan
ဓျွပ်	Dhywap
ဓျွမ်	Dhywam
ဓျွမ့်	Dhywam
ဓျွမ်း	Dhywam
ဓျွာ	Dhywar
ဓျွာ့	Dhywar
ဓျွား	Dhywar
ဓျွိ	Dhywi
ဓျွီ	Dhywee
ဓျွီး	Dhywee
ဓျွေ	Dhyway
ဓျွေ့	Dhyway
ဓျွေး	Dhyway
ဓျွဲ	Dhywae
ဓျွဲ့	Dhywae
ဓျွော်	Dhywaw
ဓြွ	Dhywa
ဓြွက်	Dhywet
ဓြွင်	Dhywin
ဓြွင့်	Dhywin
ဓြွင်း	Dhywin
ဓြွတ်	Dhywat
ဓြွန်	Dhywan
ဓြွန့်	Dhywan
ဓြွန်း	Dhywan
ဓြွပ်	Dhywap
ဓြွမ်	Dhywam
ဓြွမ့်	Dhywam
ဓြွမ်း	Dhywam
ဓြွာ	Dhywar
ဓြွာ့	Dhywar
ဓြွား	Dhywar
ဓြွိ	Dhywi
ဓြွီ	Dhywee
ဓြွီး	Dhywee
ဓြွေ	Dhyway
ဓြွေ့	Dhyway
ဓြွေး	Dhyway
ဓြွဲ	Dhywae
ဓြွဲ့	Dhywae
ဓြွော်	Dhywaw