န	Na
နက်	Net
နင်	Nin
နင့်	Nin
နင်း	Nin
နစ်	Nit
နည်	Nyi
နည့်	Nyi
နည်း	Nyi
နတ်	Nat
နန်	Nan
နန့်	Nan
နန်း	Nan
နပ်	Nap
နမ်	Nam
နမ့်	Nam
နမ်း	Nam
နယ်	Nae
နံ	Nan
နံ့	Nan
နာ	Nar
နာ့	Nar
နား	Nar
နိ	Ni
နိတ်	Neik
နိန်	Kein
နိန့်	Kein
နိန်း	Kein
နိပ်	Neik
နိမ်	Nein
နိမ့်	Nein
နိမ်း	Nein
နီ	Nee
နီး	Nee
နု	Nu
နုတ်	Nok
နုန်	Non
နုန့်	Non
နုန်း	Non
နုပ်	Nok
နုံ	Non
နုံ့	Non
နုံး	Non
နူ	Noo
နူး	Noo
နေ	Nay
နေ့	Nay
နေး	Nay
နဲ့	Nae
နဲ	Nae
နော	Naw
နော့	Naw
နောက်	Nauk
နောင်	Naung
နောင့်	Naung
နှောင်း	Naung
နော်	Naw
နို	No
နို့	No
နိုး	No
နိုက်	Naik
ကိုင်	Naing
နိုင့်	Naing
နိုင်း	Naing
နျ	Nya
နျက်	Nyet
နျင်	Nyin
နျင့်	Nyin
နျင်း	Nyin
နျစ်	Nyit
နျည်	Nyyi
နျည့်	Nyyi
နျည်း	Nyyi
နျတ်	Nyat
နျန်	Nyan
နျန့်	Nyan
နျန်း	Nyan
နျပ်	Nyap
နျမ်	Nyam
နျမ့်	Nyam
နျမ်း	Nyam
နျယ်	Nyae
နျံ	Nyan
နျံ့	Nyan
နျာ	Nyar
နျာ့	Nyar
နျား	Nyar
နျိ	Nyi
နျိတ်	Nyeik
နျိန်	Nyein
နျိန့်	Nyein
နျိန်း	Nyein
နျိပ်	Nyeik
နျိမ်	Nyein
နျိမ့်	Nyein
နျိမ်း	Nyein
နျီ	Nyee
နျီး	Nyee
နျု	Nyu
နျုတ်	Nyok
နျုန်	Nyon
နျုန့်	Nyon
နျုန်း	Nyon
နျုပ်	Nyok
နျုံ	Nyon
နျုံ့	Nyon
နျုံး	Nyon
နျူ	Nyoo
နျူး	Nyoo
နျေ	Nyay
နျေ့	Nyay
ျေး	Nyay
နျဲ	Nyae
နျဲ့	Nyae
နျော	Nyaw
နျော့	Nyaw
နျောက်	Nyauk
နျောင်	Nyaung
နျောင့်	Nyaung
နျောင်း	Nyaung
နျော်	Nyaw
နျို	Nyo
နျို့	Nyo
နျိုး	Nyo
နျိုက်	Nyaik
နျိုင်	Nyaing
နျိုင့်	Nyaing
နျိုင်း	Nyaing
နြ	Nya
နြက်	Nyet
နြင်	Nyin
နြင့်	Nyin
နြင်း	Nyin
နြစ်	Nyit
နြည်	Nyyi
နြည့်	Nyyi
နြည်း	Nyyi
နြတ်	Nyat
နြန်	Nyan
နြန့်	Nyan
နြန်း	Nyan
နြပ်	Nyap
နြမ်	Nyam
နြမ့်	Nyam
နြမ်း	Nyam
နြယ်	Nyae
နြံ	Nyan
နြံ့	Nyan
နြာ	Nyar
နြာ့	Nyar
နြား	Nyar
နြိ	Nyi
နြိတ်	Nyeik
နြိန်	Nyein
နြိန့်	Nyein
နြိန်း	Nyein
နြိပ်	Nyeik
နြိမ်	Nyein
နြိမ့်	Nyein
နြိမ်း	Nyein
နြီ	Nyee
နြီး	Nyee
နြု	Nyu
နြုတ်	Nyok
နြုန်	Nyon
နြုန့်	Nyon
နြုန်း	Nyon
နြုပ်	Nyok
နြုံ	Nyon
နြုံ့	Nyon
နြုံး	Nyon
နြူ	Nyoo
နြူး	Nyoo
နြေ	Nyay
နြေ့	Nyay
နြေး	Nyay
နြဲ	Nyae
နြဲ့	Nyae
နြော	Nyaw
နြော့	Nyaw
နြောက်	Nyauk
နြောင်	Nyaung
နြောင့်	Nyaung
နြောင်း	Nyaung
နြော်	Nyaw
နြို	Nyo
နြို့	Nyo
နြိုး	Nyo
နြိုက်	Nyaik
နြိုင်	Nyaing
နြိုင့်	Nyaing
နြိုင်း	Nyaing
နွ	Nwa
နွက်	Nwet
နွင်	Nwin
နွင့်	Nwin
နွင်း	Nwin
နွတ်	Nwat
နွန်	Nwan
နွန့်	Nwan
နွန်း	Nwan
နွပ်	Nwap
နွမ်	Nwam
နွမ့်	Nwam
နွမ်း	Nwam
နွာ	Nwar
နွာ့	Nwar
နွား	Nwar
နွိ	Nwi
နွီ	Nwee
နွီး	Nwee
နွေ	Nway
နွေ့	Nway
နွေး	Nway
နွဲ	Nwae
နွဲ့	Nwae
နွော်	Nwaw
နျွ	Nywa
နျွက်	Nywet
နျွင်	Nywin
နျွင့်	Nywin
နျွင်း	Nywin
နျွတ်	Nywat
နျွန်	Nywan
နျွန့်	Nywan
နျွန်း	Nywan
နျွပ်	Nywap
နျွမ်	Nywam
နျွမ့်	Nywam
နျွမ်း	Nywam
နျွာ	Nywar
နျွာ့	Nywar
နျွား	Nywar
နျွိ	Nywi
နျွီ	Nywee
နျွီး	Nywee
နျွေ	Nyway
နျွေ့	Nyway
နျွေး	Nyway
နျွဲ	Nywae
နျွဲ့	Nywae
နျွော်	Nywaw
နြွ	Nywa
နြွက်	Nywet
နြွင်	Nywin
နြွင့်	Nywin
နြွင်း	Nywin
နြွတ်	Nywat
နြွန်	Nywan
နြွန့်	Nywan
နြွန်း	Nywan
နြွပ်	Nywap
နြွမ်	Nywam
နြွမ့်	Nywam
နြွမ်း	Nywam
နြွာ	Nywar
နြွာ့	Nywar
နြွား	Nywar
နြွိ	Nywi
နြွီ	Nywee
နြွီး	Nywee
နြွေ	Nyway
နြွေ့	Nyway
နြွေး	Nyway
နြွဲ	Nywae
နြွဲ့	Nywae
နြွော်	Nywaw
နှ	Nha
နှက်	Nhet
နှင်	Nhin
နှင့်	Nhin
နှင်း	Nhin
နှစ်	Nhit
နှည်	Nhyi
နှည့်	Nhyi
နှည်း	Nhyi
နှတ်	Nhat
နှန်	Nhan
နှန့်	Nhan
နှန်း	Nhan
နှပ်	Nhap
နှမ်	Nham
နှမ့်	Nham
နှမ်း	Nham
နှယ်	Nhae
နှံ	Nhan
နှံ့	Nhan
နှာ	Nhar
နှာ့	Nhar
နှား	Nhar
နှိ	Nhi
နှိတ်	Nheik
နှိန်	Nhein
နှိန့်	Nhein
နှိန်း	Nhein
နှိပ်	Nheik
နှိမ်	Nhein
နှိမ့်	Nhein
နှိမ်း	Nhein
နှီ	Nhee
နှီး	Nhee
နှု	Nhu
နှုတ်	Nhok
နှုန်	Nhon
နှုန့်	Nhon
နှုန်း	Nhon
နှုပ်	Nhok
နှုံ	Nhon
နှုံ့	Nhon
နှုံး	Nhon
နှူ	Nhoo
နှူး	Nhoo
နှေ	Nhay
နှေ့	Nhay
နှေး	Nhay
နှဲ	Nhae
နှဲ့	Nhae
နှော	Nhaw
နှော့	Nhaw
နှောက်	Nhauk
နှောင်	Nhaung
နှောင့်	Nhaung
နှောင်း	Nhaung
နှော်	Nhaw
နှို	Nho
နှို့	Nho
နှိုး	Nho
နှိုက်	Nhaik
နှိုင်	Nhaing
နှိုင့်	Nhaing
နှိုင်း	Nhaing
နျှ	Nyha
နျှက်	Nyhet
နျှင်	Nyhin
နျှင့်	Nyhin
နျှင်း	Nyhin
နျှစ်	Nyhit
နျှည်	Nyhyi
နျှည့်	Nyhyi
နျှည်း	Nyhyi
နျှတ်	Nyhat
နျှန်	Nyhan
နျှန့်	Nyhan
နျှန်း	Nyhan
နျှပ်	Nyhap
နျှမ်	Nyham
နျှမ့်	Nyham
နျှမ်း	Nyham
နျှယ်	Nyhae
နျှံ	Nyhan
နျှံ့	Nyhan
နျှာ	Nyhar
နျှာ့	Nyhar
နျှား	Nyhar
နျှိ	Nyhi
နျှိတ်	Nyheik
နျှိန်	Nyhein
နျှိန့်	Nyhein
နျှိန်း	Nyhein
နျှိပ်	Nyheik
နျှိမ်	Nyhein
နျှိမ့်	Nyhein
နျှိမ်း	Nyhein
နျှီ	Nyhee
နျှီး	Nyhee
နျှု	Nyhu
နျှုတ်	Nyhok
နျှုန်	Nyhon
နျှုန့်	Nyhon
နျှုန်း	Nyhon
နျှုပ်	Nyhok
နျှုံ	Nyhon
နျှုံ့	Nyhon
နျှုံး	Nyhon
နျှူ	Nyhoo
နျှူး	Nyhoo
နျှေ	Nyhay
နျှေ့	Nyhay
နျှေး	Nyhay
နျှဲ	Nyhae
နျှဲ့	Nyhae
နျှော	Nyhaw
နျှော့	Nyhaw
နျှောက်	Nyhauk
နျှောင်	Nyhaung
နျှောင့်	Nyhaung
နျှောင်း	Nyhaung
နျှော်	Nyhaw
နျှို	Nyho
နျှို့	Nyho
နျှိုး	Nyho
နျှိုက်	Nyhaik
နျှိုင်	Nyhaing
နျှိုင့်	Nyhaing
နျှိုင်း	Nyhaing
နြှ	Nyha
နြှက်	Nyhet
နြှင်	Nyhin
နြှင့်	Nyhin
နြှင်း	Nyhin
နြှစ်	Nyhit
နြှည်	Nyhyi
နြှည့်	Nyhyi
နြှည်း	Nyhyi
နြှတ်	Nyhat
နြှန်	Nyhan
နြှန့်	Nyhan
နြှန်း	Nyhan
နြှပ်	Nyhap
နြှမ်	Nyham
နြှမ့်	Nyham
နြှမ်း	Nyham
နြှယ်	Nyhae
နြှံ	Nyhan
နြှံ့	Nyhan
နြှာ	Nyhar
နြှာ့	Nyhar
နြှား	Nyhar
နြှိ	Nyhi
နြှိတ်	Nyheik
နြှိန်	Nyhein
နြှိန့်	Nyhein
နြှိန်း	Nyhein
နြှိပ်	Nyheik
နြှိမ်	Nyhein
နြှိမ့်	Nyhein
နြှိမ်း	Nyhein
နြှီ	Nyhee
နြှီး	Nyhee
နြှု	Nyhu
နြှုတ်	Nyhok
နြှုန်	Nyhon
နြှုန့်	Nyhon
နြှုန်း	Nyhon
နြှုပ်	Nyhok
နြှုံ	Nyhon
နြှုံ့	Nyhon
နြှုံး	Nyhon
နြှူ	Nyhoo
နြှူး	Nyhoo
နြှေ	Nyhay
နြှေ့	Nyhay
နြှေး	Nyhay
နြှဲ	Nyhae
နြှဲ့	Nyhae
နြှော	Nyhaw
နြှော့	Nyhaw
နြှောက်	Nyhauk
နြှောင်	Nyhaung
နြှောင့်	Nyhaung
နြှောင်း	Nyhaung
နြှော်	Nyhaw
နြှို	Nyho
နြှို့	Nyho
နြှိုး	Nyho
နြှိုက်	Nyhaik
နြှိုင်	Nyhaing
နြှိုင့်	Nyhaing
နြှိုင်း	Nyhaing
နွှ	Nhwa
နွှက်	Nhwet
နွှင်	Nhwin
နွှင့်	Nhwin
နွှင်း	Nhwin
နွှတ်	Nhwat
နွှန်	Nhwan
နွှန့်	Nhwan
နွှန်း	Nhwan
နွှပ်	Nhwap
နွှမ်	Nhwam
နွှမ့်	Nhwam
နွှမ်း	Nhwam
နွှာ	Nhwar
နွှာ့	Nhwar
နွှား	Nhwar
နွှိ	Nhwi
နွှီ	Nhwee
နွှီး	Nhwee
နွှေ	Nhway
နွှေ့	Nhway
နွှေး	Nhway
နွှဲ	Nhwae
နွှဲ့	Nhwae
နွှော်	Nhwaw
နျွှ	Nyhwa
နျွှက်	Nyhwet
နျွှင်	Nyhwin
နျွှင့်	Nyhwin
နျွှင်း	Nyhwin
နျွှတ်	Nyhwat
နျွှန်	Nyhwan
နျွှန့်	Nyhwan
နျွှန်း	Nyhwan
နျွှပ်	Nyhwap
နျွှမ်	Nyhwam
နျွှမ့်	Nyhwam
နျွှမ်း	Nyhwam
နျွှာ	Nyhwar
နျွှာ့	Nyhwar
နျွှား	Nyhwar
နျွှိ	Nyhwi
နျွှီ	Nyhwee
နျွှီး	Nyhwee
နျွှေ	Nyhway
နျွှေ့	Nyhway
နျွှေး	Nyhway
နျွှဲ	Nyhwae
နျွှဲ့	Nyhwae
နျွှော်	Nyhwaw
နြွှ	Nyhwa
နြွှက်	Nyhwet
နြွှင်	Nyhwin
နြွှင့်	Nyhwin
နြွှင်း	Nyhwin
နြွှတ်	Nyhwat
နြွှန်	Nyhwan
နြွှန့်	Nyhwan
နြွှန်း	Nyhwan
နြွှပ်	Nyhwap
နြွှမ်	Nyhwam
နြွှမ့်	Nyhwam
နြွှမ်း	Nyhwam
နြွှာ	Nyhwar
နြွှာ့	Nyhwar
နြွှား	Nyhwar
နြွှိ	Nyhwi
နြွှီ	Nyhwee
နြွှီး	Nyhwee
နြွှေ	Nyhway
နြွှေ့	Nyhway
နြွှေး	Nyhway
နြွှဲ	Nyhwae
နြွှဲ့	Nyhwae
နြွှော်	Nyhwaw