ပ	Pa
ပက်	Pet
ပင်	Pin
ပင့်	Pin
ပင်း	Pin
ပစ်	Pit
ပည်	Pyi
ပည့်	Pyi
ပည်း	Pyi
ပတ်	Pat
ပန်	Pan
ပန့်	Pan
ပန်း	Pan
ပပ်	Pap
ပမ်	Pam
ပမ့်	Pam
ပမ်း	Pam
ပယ်	Pae
ပံ	Pan
ပံ့	Pan
ပါ	Par
ပါ့	Par
ပါး	Par
ပိ	Pi
ပိတ်	Peik
ပိန်	Pein
ပိန့်	Pein
ပိန်း	Pein
ပိပ်	Peik
ပိမ်	Pein
ပိမ့်	Pein
ပိမ်း	Pein
ပီ	Pee
ပီး	Pee
ပု	Pu
ပုတ်	Pok
ပုန်	Pon
ပုန့်	Pon
ပုန်း	Pon
ပုပ်	Pok
ပုံ	Pon
ပုံ့	Pon
ပုံး	Pon
ပူ	Poo
ပူး	Poo
ပေ	Pay
ပေ့	Pay
ပေး	Pay
ပဲ	Pae
ပဲ့	Pae
ပေါ	Paw
ပေါ့	Paw
ပေါက်	Pauk
ပေါင်	Paung
ပေါင့်	Paung
ပေါင်း	Paung
ပေါ်	Paw
ပို	Po
ပို့	Po
ပိုး	Po
ပိုက်	Paik
ပိုင်	Paing
ပိုင့်	Paing
ပိုင်း	Paing
ပျ	Pya
ပျက်	Pyet
ပျင်	Pyin
ပျင့်	Pyin
ပျင်း	Pyin
ပျစ်	Pyit
ပျည်	Pyi
ပျည့်	Pyi
ပျည်း	Pyi
ပျတ်	Pyat
ပျန်	Pyan
ပျန့်	Pyan
ပျန်း	Pyan
ပျပ်	Pyap
ပျမ်	Pyam
ပျမ့်	Pyam
ပျမ်း	Pyam
ပျယ်	Pyae
ပျံ	Pyan
ပျံ့	Pyan
ပျာ	Pyar
ပျာ့	Pyar
ပျား	Pyar
ပျိ	Pyi
ပျိတ်	Pyeik
ပျိန်	Pyein
ပျိန့်	Pyein
ပျိန်း	Pyein
ပျိပ်	Pyeik
ပျိမ်	Pyein
ပျိမ့်	Pyein
ပျိမ်း	Pyein
ပျီ	Pyee
ပျီး	Pyee
ပျု	Pyu
ပျုတ်	Pyok
ပျုန်	Pyon
ပျုန့်	Pyon
ပျုန်း	Pyon
ပျုပ်	Pyok
ပျုံ	Pyon
ပျုံ့	Pyon
ပျုံး	Pyon
ပျူ	Pyoo
ပျူး	Pyoo
ပျေ	Pyay
ပျေ့	Pyay
ပျေး	Pyay
ပျဲ	Pyae
ပျဲ့	Pyae
ပျော	Pyaw
ပျော့	Pyaw
ပျောက်	Pyauk
ပျောင်	Pyaung
ပျောင့်	Pyaung
ပျောင်း	Pyaung
ပျော်	Pyaw
ပျို	Pyo
ပျို့	Pyo
ပျိုး	Pyo
ပျိုက်	Pyaik
ပျိုင်	Pyaing
ပျိုင့်	Pyaing
ပျိုင်း	Pyaing
ပြ	Pya
ပြက်	Pyet
ပြင်	Pyin
ပြင့်	Pyin
ပြင်း	Pyin
ပြစ်	Pyit
ပြည်	Pyi
ပြည့်	Pyi
ပြည်း	Pyi
ပြတ်	Pyat
ပြန်	Pyan
ပြန့်	Pyan
ပြန်း	Pyan
ပြပ်	Pyap
ပြမ်	Pyam
ပြမ့်	Pyam
ပြမ်း	Pyam
ပြယ်	Pyae
ပြံ	Pyan
ပြံ့	Pyan
ပြာ	Pyar
ပြာ့	Pyar
ပြား	Pyar
ပြိ	Pyi
ပြိတ်	Pyeik
ပြိန်	Pyein
ပြိန့်	Pyein
ပြိန်း	Pyein
ပြိပ်	Pyeik
ပြိမ်	Pyein
ပြိမ့်	Pyein
ပြိမ်း	Pyein
ပြီ	Pyee
ပြီး	Pyee
ပြု	Pyu
ပြုတ်	Pyok
ပြုန်	Pyon
ပြုန့်	Pyon
ပြုန်း	Pyon
ပြုပ်	Pyok
ပြုံ	Pyon
ပြုံ့	Pyon
ပြုံး	Pyon
ပြူ	Pyoo
ပြူး	Pyoo
ပြေ	Pyay
ပြေ့	Pyay
ပြေး	Pyay
ပြဲ	Pyae
ပြဲ့	Pyae
ပြော	Pyaw
ပြော့	Pyaw
ပြောက်	Pyauk
ပြောင်	Pyaung
ပြောင့်	Pyaung
ပြောင်း	Pyaung
ပြော်	Pyaw
ပြို	Pyo
ပြို့	Pyo
ပြိုး	Pyo
ပြိုက်	Pyaik
ပြိုင်	Pyaing
ပြိုင့်	Pyaing
ပြိုင်း	Pyaing
ပွ	Pwa
ပွက်	Pwet
ပွင်	Pwin
ပွင့်	Pwin
ပွင်း	Pwin
ပွတ်	Pwat
ပွန်	Pwan
ပွန့်	Pwan
ပွန်း	Pwan
ပွပ်	Pwap
ပွမ်	Pwam
ပွမ့်	Pwam
ပွမ်း	Pwam
ပွာ	Pwar
ပွာ့	Pwar
ပွား	Pwar
ပွိ	Pwi
ပွီ	Pwee
ပွီး	Pwee
ပွေ	Pway
ပွေ့	Pway
ပွေး	Pway
ပွဲ	Pwae
ပွဲ့	Pwae
ပွော်	Pwaw
ပျွ	Pywa
ပျွက်	Pywet
ပျွင်	Pywin
ပျွင့်	Pywin
ပျွင်း	Pywin
ပျွတ်	Pywat
ပျွန်	Pywan
ပျွန့်	Pywan
ပျွန်း	Pywan
ပျွပ်	Pywap
ပျွမ်	Pywam
ပျွမ့်	Pywam
ပျွမ်း	Pywam
ပျွာ	Pywar
ပျွာ့	Pywar
ပျွား	Pywar
ပျွိ	Pywi
ပျွီ	Pywee
ပျွီး	Pywee
ပျွေ	Pyway
ပျွေ့	Pyway
ပျွေး	Pyway
ပျွဲ	Pywae
ပျွဲ့	Pywae
ပျွော်	Pywaw
ပြွ	Pywa
ပြွက်	Pywet
ပြွင်	Pywin
ပြွင့်	Pywin
ပြွင်း	Pywin
ပြွတ်	Pywat
ပြွန်	Pywan
ပြွန့်	Pywan
ပြွန်း	Pywan
ပြွပ်	Pywap
ပြွမ်	Pywam
ပြွမ့်	Pywam
ပြွမ်း	Pywam
ပြွာ	Pywar
ပြွာ့	Pywar
ပြွား	Pywar
ပြွိ	Pywi
ပြွီ	Pywee
ပြွီး	Pywee
ပြွေ	Pyway
ပြွေ့	Pyway
ပြွေး	Pyway
ပြွဲ	Pywae
ပြွဲ့	Pywae
ပြွော်	Pywaw