ဖ	Hpa
ဖံ	Hpan
ဖံ့	Hpan
ဖက်	Hpet
ဖင်	Hpin
ဖင်း	Hpin
ဖင့်	Hpin
ဖစ်	Hpit
ဖည်	Hpi
ဖည်း	Hpi
ဖည့်	Hpi
ဖတ်	Hpat
ဖန်	Hpan
ဖန်း	Hpan
ဖန့်	Hpan
ဖပ်	Hpap
ဖမ်	Hpam
ဖမ်း	Hpam
ဖမ့်	Hpam
ဖယ်	Hpae
ဖျ	Hpya
ဖျံ	Hpyan
ဖျံ့	Hpyan
ဖျက်	Hpyet
ဖျင်	Hpyin
ဖျင်း	Hpyin
ဖျင့်	Hpyin
ဖျစ်	Hpyit
ဖျည်	Hpyi
ဖျည်း	Hpyi
ဖျည့်	Hpyi
ဖျတ်	Hpyat
ဖျန်	Hpyan
ဖျန်း	Hpyan
ဖျန့်	Hpyan
ဖျပ်	Hpyap
ဖျမ်	Hpyam
ဖျယ်	Hpyae
ဖျွ	Hpywa
ဖျွက်	Hpywet
ဖျွတ်	Hpywat
ဖျွန်	Hpywon
ဖျွန်း	Hpywon
ဖျွန့်	Hpywon
ဖျွပ်	Hpywap
ဖျွာ	Hpywar
ဖျွား	Hpywar
ဖျွေ	Hpyway
ဖျွေး	Hpyway
ဖျွေ့	Hpyway
ဖျွဲ	Hpywae
ဖျွဲ့	Hpywae
ဖျာ	Hpyar
ဖျား	Hpyar
ဖျိ	Hpyi
ဖျိတ်	Hpyeik
ဖျိန်	Hpyein
ဖျို	Hpyo
ဖျိုး	Hpyo
ဖျို့	Hpyo
ဖျိုက်	Hpyaik
ဖျိုင်	Hpyaing
ဖျိုင်း	Hpyaing
ဖျိုင့်	Hpyaing
ဖျီ	Hpyee
ဖျု	Hpyu
ဖျုံ	Hpyon
ဖျုံး	Hpyon
ဖျုံ့	Hpyon
ဖျုတ်	Hpyok
ဖျုန်	Hpyon
ဖျူ	Hpyoo
ဖျေ	Hpyay
ဖျေး	Hpyay
ဖျေ့	Hpyay
ဖျော	Hpyaw
ဖျော့	Hpyaw
ဖျောက်	Hpyauk
ဖျောင်	Hpyaung
ဖျောင်း	Hpyaung
ဖျောင့်	Hpyaung
ဖျော်	Hpyaw
ဖျဲ	Hpyae
ဖျဲ့	Hpyae
ဖြ	Hpya
ဖြံ	Hpyan
ဖြံ့	Hpyan
ဖြက်	Hpyet
ဖြင်	Hpyin
ဖြင်း	Hpyin
ဖြင့်	Hpyin
ဖြစ်	Hpyit
ဖြည်	Hpyi
ဖြည်း	Hpyi
ဖြည့်	Hpyi
ဖြတ်	Hpyat
ဖြန်	Hpyan
ဖြန်း	Hpyan
ဖြန့်	Hpyan
ဖြပ်	Hpyap
ဖြမ်	Hpyam
ဖြယ်	Hpyae
ဖြွ	Hpywa
ဖြွက်	Hpywet
ဖြွတ်	Hpywat
ဖြွန်	Hpywon
ဖြွန်း	Hpywon
ဖြွန့်	Hpywon
ဖြွပ်	Hpywap
ဖြွာ	Hpywar
ဖြွား	Hpywar
ဖြွေ	Hpyway
ဖြွေး	Hpyway
ဖြွေ့	Hpyway
ဖြွဲ	Hpywae
ဖြွဲ့	Hpywae
ဖြာ	Hpyar
ဖြား	Hpyar
ဖြိ	Hpyi
ဖြိတ်	Hpyeik
ဖြိန်	Hpyein
ဖြို	Hpyo
ဖြိုး	Hpyo
ဖြို့	Hpyo
ဖြိုက်	Hpyaik
ဖြိုင်	Hpyaing
ဖြိုင်း	Hpyaing
ဖြိုင့်	Hpyaing
ဖြီ	Hpyee
ဖြု	Hpyu
ဖြုံ	Hpyon
ဖြုံး	Hpyon
ဖြုံ့	Hpyon
ဖြုတ်	Hpyok
ဖြုန်	Hpyon
ဖြူ	Hpyoo
ဖြူး	Hpyoo
ဖြေ	Hpyay
ဖြေး	Hpyay
ဖြေ့	Hpyay
ဖြော	Hpyaw
ဖြော့	Hpyaw
ဖြောက်	Hpyauk
ဖြောင်	Hpyaung
ဖြောင်း	Hpyaung
ဖြောင့်	Hpyaung
ဖြော်	Hpyaw
ဖြဲ	Hpyae
ဖြဲ့	Hpyae
ဖွ	Hpwa
ဖွက်	Hpwet
ဖွတ်	Hpwat
ဖွန်း	Hpwonn
ဖွန့်	Hpwonn
ဖွပ်	Hpwap
ဖွမ်း	Hpwam
ဖွာ	Hpwar
ဖွား	Hpwar
ဖွေး	Hpway
ဖွဲ့	Hpwae
ဖာ	Hpar
ဖား	Hpar
ဖိ	Hpi
ဖိတ်	Hpeik
ဖိန်	Hpein
ဖိန်း	Hpein
ဖိန့်	Hpein
ဖိပ်	Hpeik
ဖိမ်	Hpein
ဖိမ်း	Hpein
ဖိမ့်	Hpein
ဖို	Hpo
ဖိုး	Hpo
ဖို့	Hpo
ဖိုက်	Hpaik
ဖိုင်	Hpaing
ဖိုင်း	Hpaing
ဖိုင့်	Hpaing
ဖီ	Hpee
ဖီး	Hpee
ဖု	Hpu
ဖုံ	Hpon
ဖုံး	Hpon
ဖုံ့	Hpon
ဖုတ်	Hpok
ဖုန်	Hpon
ဖုန်း	Hpon
ဖုန့်	Hpon
ဖုပ်	Hpok
ဖူ	Hpoo
ဖူး	Hpoo
ဖေ	Hpay
ဖေး	Hpay
ဖေ့	Hpay
ဖော	Hpaw
ဖော့	Hpaw
ဖောက်	Hpauk
ဖောင်	Hpaung
ဖောင်း	Hpaung
ဖောင့်	Hpaung
ဖော်	Hpaw
ဖဲ	Hpae
ဖဲ့	Hpae