ဗ	Ba
ဗက်	Bet
ဗင်	Bin
ဗင့်	Bin
ဗင်း	Bin
ဗစ်	Bit
ဗည်	Byi
ဗည့်	Byi
ဗည်း	Byi
ဗတ်	Bat
ဗန်	Ban
ဗန့်	Ban
ဗန်း	Ban
ဗပ်	Bap
ဗမ်	Bam
ဗမ့်	Bam
ဗမ်း	Bam
ဗယ်	Bae
ဗံ	Ban
ဗံ့	Ban
ဗာ	Bar
ဗာ့	Bar
ဗား	Bar
ဗိ	Bi
ဗိတ်	Beik
ဗိန်	Bein
ဗိန့်	Bein
ဗိန်း	Bein
ဗိပ်	Beik
ဗိမ်	Bein
ဗိမ့်	Bein
ဗိမ်း	Bein
ဗီ	Bee
ဗီး	Bee
ဗု	Bu
ဗုတ်	Bok
ဗုန်	Bon
ဗုန့်	Bon
ဗုန်း	Bon
ဗုပ်	Bok
ဗုံ	Bon
ဗုံ့	Bon
ဗုံး	Bon
ဗူ	Boo
ဗူး	Boo
ဗေ	Bay
ဗေ့	Bay
ဗေး	Bay
ဗဲ	Bae
ဗဲ့	Bae
ဗေါ	Baw
ဗေါ့	Baw
ဗေါက်	Bauk
ဗေါင်	Baung
ဗေါင့်	Baung
ဗေါင်း	Baung
ဗော်	Baw
ဗို	Bo
ဗို့	Bo
ဗိုး	Bo
ဗိုက်	Baik
ဗိုင်	Baing
ဗိုင့်	Baing
ဗိုင်း	Baing
ဗျ	Bya
ဗျက်	Byet
ဗျင်	Byin
ဗျင့်	Byin
ဗျင်း	Byin
ဗျစ်	Byit
ဗျည်	Byi
ဗျည့်	Byi
ဗျည်း	Byi
ဗျတ်	Byat
ဗျန်	Byan
ဗျန့်	Byan
ဗျန်း	Byan
ဗျပ်	Byap
ဗျမ်	Byam
ဗျမ့်	Byam
ဗျမ်း	Byam
ဗျယ်	Byae
ဗျံ	Byan
ဗျံ့	Byan
ဗျာ	Byar
ဗျာ့	Byar
ဗျား	Byar
ဗျိ	Byi
ဗျိတ်	Byeik
ဗျိန်	Byein
ဗျိန့်	Byein
ဗျိန်း	Byein
ဗျိပ်	Byeik
ဗျိမ်	Byein
ဗျိမ့်	Byein
ဗျိမ်း	Byein
ဗျီ	Byee
ဗျီး	Byee
ဗျု	Byu
ဗျုတ်	Byok
ဗျုန်	Byon
ဗျုန့်	Byon
ဗျုန်း	Byon
ဗျုပ်	Byok
ဗျုံ	Byon
ဗျုံ့	Byon
ဗျုံး	Byon
ဗျူ	Byoo
ဗျူး	Byoo
ဗျေ	Byay
ဗျေ့	Byay
ဗျေး	Byay
ဗျဲ	Byae
ဗျဲ့	Byae
ဗျော	Byaw
ဗျော့	Byaw
ဗျောက်	Byauk
ဗျောင်	Byaung
ဗျောင့်	Byaung
ဗျောင်း	Byaung
ဗျော်	Byaw
ဗျို	Byo
ဗျို့	Byo
ဗျိုး	Byo
ဗျိုက်	Byaik
ဗျိုင်	Byaing
ဗျိုင့်	Byaing
ဗျိုင်း	Byaing
ဗြ	Bya
ဗြက်	Byet
ဗြင်	Byin
ဗြင့်	Byin
ဗြင်း	Byin
ဗြစ်	Byit
ဗြည်	Byi
ဗြည့်	Byi
ဗြည်း	Byi
ဗြတ်	Byat
ဗြန်	Byan
ဗြန့်	Byan
ဗြန်း	Byan
ဗြပ်	Byap
ဗြမ်	Byam
ဗြမ့်	Byam
ဗြမ်း	Byam
ဗြယ်	Byae
ဗြံ	Byan
ဗြံ့	Byan
ဗြာ	Byar
ဗြာ့	Byar
ဗြား	Byar
ဗြိ	Byi
ဗြိတ်	Byeik
ဗြိန်	Byein
ဗြိန့်	Byein
ဗြိန်း	Byein
ဗြိပ်	Byeik
ဗြိမ်	Byein
ဗြိမ့်	Byein
ဗြိမ်း	Byein
ဗြီ	Byee
ဗြီး	Byee
ဗြု	Byu
ဗြုတ်	Byok
ဗြုန်	Byon
ဗြုန့်	Byon
ဗြုန်း	Byon
ဗြုပ်	Byok
ဗြုံ	Byon
ဗြုံ့	Byon
ဗြုံး	Byon
ဗြူ	Byoo
ဗြူး	Byoo
ဗြေ	Byay
ဗြေ့	Byay
ဗြေး	Byay
ဗြဲ	Byae
ဗြဲ့	Byae
ဗြော	Byaw
ဗြော့	Byaw
ဗြောက်	Byauk
ဗြောင်	Byaung
ဗြောင့်	Byaung
ဗြောင်း	Byaung
ဗြော်	Byaw
ဗြို	Byo
ဗြို့	Byo
ဗြိုး	Byo
ဗြိုက်	Byaik
ဗြိုင်	Byaing
ဗြိုင့်	Byaing
ဗြိုင်း	Byaing
ဗွ	Bwa
ဗွက်	Bwet
ဗွင်	Bwin
ဗွင့်	Bwin
ဗွင်း	Bwin
ဗွတ်	Bwat
ဗွန်	Bwan
ဗွန့်	Bwan
ဗွန်း	Bwan
ဗွပ်	Bwap
ဗွမ်	Bwam
ဗွမ့်	Bwam
ဗွမ်း	Bwam
ဗွာ	Bwar
ဗွာ့	Bwar
ဗွား	Bwar
ဗွိ	Bwi
ဗွီ	Bwee
ဗွီး	Bwee
ဗွေ	Bway
ဗွေ့	Bway
ဗွေး	Bway
ဗွဲ	Bwae
ဗွဲ့	Bwae
ဗွော်	Bwaw
ဗျွ	Bywa
ဗျွက်	Bywet
ဗျွင်	Bywin
ဗျွင့်	Bywin
ဗျွင်း	Bywin
ဗျွတ်	Bywat
ဗျွန်	Bywan
ဗျွန့်	Bywan
ဗျွန်း	Bywan
ဗျွပ်	Bywap
ဗျွမ်	Bywam
ဗျွမ့်	Bywam
ဗျွမ်း	Bywam
ဗျွာ	Bywar
ဗျွာ့	Bywar
ဗျွား	Bywar
ဗျွိ	Bywi
ဗျွီ	Bywee
ဗျွီး	Bywee
ဗျွေ	Byway
ဗျွေ့	Byway
ဗျွေး	Byway
ဗျွဲ	Bywae
ဗျွဲ့	Bywae
ဗျွော်	Bywaw
ဗြွ	Bywa
ဗြွက်	Bywet
ဗြွင်	Bywin
ဗြွင့်	Bywin
ဗြွင်း	Bywin
ဗြွတ်	Bywat
ဗြွန်	Bywan
ဗြွန့်	Bywan
ဗြွန်း	Bywan
ဗြွပ်	Bywap
ဗြွမ်	Bywam
ဗြွမ့်	Bywam
ဗြွမ်း	Bywam
ဗြွာ	Bywar
ဗြွာ့	Bywar
ဗြွား	Bywar
ဗြွိ	Bywi
ဗြွီ	Bywee
ဗြွီး	Bywee
ဗြွေ	Byway
ဗြွေ့	Byway
ဗြွေး	Byway
ဗြွဲ	Bywae
ဗြွဲ့	Bywae
ဗြွော်	Bywaw