မ	Ma
မံ	Man
မံ့	Man
မက်	Met
မင်	Min
မင်း	Min
မင့်	Min
မစ်	Mit
မည်	Myi
မည်း	Myi
မည့်	Myi
မတ်	Mat
မန်	Man
မန်း	Man
မန့်	Man
မပ်	Map
မမ်	Mam
မမ်း	Mam
မမ့်	Mam
မယ်	Mae
မျ	Mya
မျံ	Myan
မျံ့	Myan
မျက်	Myet
မျင်	Myin
မျင်း	Myin
မျင့်	Myin
မျစ်	Myit
မျည်း	Myi
မျည့်	Myi
မျတ်	Myat
မျန်	Myan
မျန်း	Myan
မျန့်	Myan
မျပ်	Myap
မျမ်	Myam
မျယ်	Myae
မျှ	Hmya
မျှံ	Hmyan
မျှက်	Hmyet
မျှင်	Hmyin
မျှင်း	Hmyin
မျှင့်	Hmyin
မျှစ်	Hmyit
မျှည်	Hmyi
မျှတ်	Hmyat
မျှန်	Hmyan
မျှန်း	Hmyan
မျှန့်	Hmyan
မျှပ်	Hmyap
မျှမ်	Hmyam
မျှယ်	Hmyae
မျှာ	Hmyar
မျှား	Hmyar
မျှိ	Hmyi
မျှို	Hmyo
မျှိုး	Hmyo
မျှို့	Hmyo
မျှီ	Hmyee
မျှု	Hmyu
မျှုံ	Hmyon
မျှူ	Hmyoo
မျှေ	Hmyay
မျှော	Hmyaw
မျှော့	Hnyaw
မျှောက်	Hmyauk
မျှောင်	Hmyaung
မျှောင်း	Hmyaung
မျှောင့်	Hmyaung
မျှော်	Hnyaw
မျှဲ့	Hmyae
မျာ	Myar
များ	Myar
မျိ	Myi
မျိတ်	Myeik
မျိန်	Myein
မျို	Myo
မျိုး	Myo
မျို့	Myo
မျိုက်	Myaik
မျိုင်	Myaing
မျိုင်း	Myaing
မျိုင့်	Myaing
မျီ	Myee
မျု	Myu
မျုံ	Myon
မျုံး	Myon
မျုံ့	Myon
မျုတ်	Myok
မျုန်	Myon
မျူ	Myoo
မျေ	Myay
မျေး	Myay
မျေ့	Myay
မျော	Myaw
မျော့	Myaw
မျောက်	Myauk
မျောင်	Myaung
မျောင်း	Myaung
မျောင့်	Myaung
မျော်	Myaw
မျဲ	Myae
မျဲ့	Myae
မြ	Mya
မြံ	Myan
မြံ့	Myan
မြက်	Myet
မြင်	Myin
မြင်း	Myin
မြင့်	Myin
မြစ်	Myit
မြည်	Myi
မြည်း	Myi
မြည့်	Myi
မြတ်	Myat
မြန်	Myan
မြန်း	Myan
မြန့်	Myan
မြပ်	Myap
မြမ်	Myam
မြမ်း	Myam
မြမ့်	Myam
မြယ်	Myae
မြွှ	Hmwa
မြွှာ	Hmwar
မြှ	Hmya
မြှံ	Hmyan
မြှံ့	Hmyan
မြှက်	Hmyet
မြှင်	Hmyin
မြှင်း	Hmyin
မြှင့်	Hmyin
မြှစ်	Hmyit
မြှည်	Hmyi
မြှတ်	Hmyat
မြှန်	Hmyan
မြှန်း	Hmyan
မြှန့်	Hmyan
မြှပ်	Hmyap
မြှမ်	Hmyam
မြှယ်	Hmyae
မြှာ	Hmyar
မြှား	Hmyar
မြှိ	Hmyi
မြှိတ်	Hmyeik
မြှိန်	Hmyeik
မြှိပ်	Hmyeik
မြှို	Hmyo
မြှိုး	Hmyo
မြှို့	Hmyo
မြှိုက်	Hmyaik
မြှိုင်	Hmyaing
မြှိုင်း	Hmyaing
မြှိုင့်	Hmyaing
မြှီ	Hmyee
မြှု	Hmyu
မြှုံ	Hmyon
မြှုံး	Hmyon
မြှုံ့	Hmyon
မြှုတ်	Hmyok
မြှုန်	Hmyon
မြှုပ်	Hmyok
မြှူ	Hmyoo
မြှေ	Hmyay
မြှေး	Hmyay
မြှေ့	Hmyay
မြှော	Hmyaw
မြှော့	Hmyaw
မြှောက်	Hmyauk
မြှောင်	Hmyaung
မြှောင်း	Hmyaung
မြှောင့်	Hmyaung
မြှော်	Hmyaw
မြှဲ	Hmyae
မြှဲ့	Hmyae
မြာ	Myar
မြား	Myar
မြိ	Myi
မြိတ်	Myeik
မြိန်	Myein
မြိန်း	Myein
မြိန့်	Myein
မြိပ်	Myeik
မြိမ်	Myein
မြိမ်း	Myein
မြိမ့်	Myein
မြို	Myo
မြိုး	Myo
မြို့	Myo
မြိုက်	Myaik
မြိုင်	Myaing
မြိုင်း	Myaing
မြိုင့်	Myaing
မြီ	Myee
မြီး	Myee
မြု	Myu
မြုံ	Myon
မြုံး	Myon
မြုံ့	Myon
မြုတ်	Myok
မြုန်	Myon
မြုန်း	Myon
မြုန့်	Myon
မြုပ်	Myok
မြူ	Myoo
မြူး	Myoo
မြေ	Myay
မြေး	Myay
မြေ့	Myay
မြော	Myaw
မြော့	Myaw
မြောက်	Myauk
မြောင်	Myaung
မြောင်း	Myaung
မြောင့်	Myaung
မြော်	Myaw
မြဲ	Myae
မြဲ့	Myae
မွ	Mwa
မွက်	Mwet
မွင်း	Mwin
မွတ်	Mwat
မွန်	Mwon
မွန်း	Mwon
မွန့်	Mwon
မွပ်	Mwap
မွမ်	Mwam
မွမ်း	Mwam
မွမ့်	Mwam
မွှ	Hmwa
မွှက်	Hmwet
မွှန်	Hmwon
မွှန်း	Hmwon
မွှန့်	Hmwon
မွှာ	Hmwar
မွှား	Hmwar
မွှေး	Hmway
မွှဲ့	Hmwae
မွာ	Mwar
မွား	Mwar
မွိ	Mwi
မွီ	Mwee
မွေ	Mway
မွေး	Mway
မွေ့	Mway
မွဲ	Mwae
မွဲ့	Mwae
မှ	Hma
မှံ	Hnan
မှံ့	Hnan
မှက်	Hnet
မှင်	Hnin
မှင်း	Hnin
မှတ်	Hnat
မှန်	Hnan
မှန်း	Hnan
မှန့်	Hnan
မှပ်	Hnap
မှမ်	Hnam
မှမ်း	Hnam
မှမ့်	Hnam
မှယ်	Hnae
မှာ	Hmar
မှား	Hmar
မှိ	Hmi
မှိတ်	Hneik
မှိန်	Hneik
မှိန်း	Hneik
မှိန့်	Hneik
မှိပ်	Hneik
မှိမ်	Hneik
မှိမ်း	Hneik
မှိမ့်	Hneik
မှို	Hno
မှိုး	Hno
မှို့	Hno
မှိုက်	Hnaik
မှိုင်	Hnaing
မှိုင်း	Hnaing
မှိုင့်	Hnaing
မှီ	Hmee
မှီး	Hmee
မှု	Hmu
မှုံ	Hnon
မှုံး	Hnon
မှုံ့	Hnon
မှုတ်	Hnok
မှုန်	Hnon
မှုန်း	Hnon
မှုန့်	Hnon
မှုပ်	Hnok
မှူး	Hmoo
မှေ	Hnay
မှေး	Hnay
မှေ့	Hnay
မှော	Hnaw
မှော့	Hnaw
မှောက်	Hnauk
မှောင်	Hnaung
မှောင်း	Hnaung
မှောင့်	Hnaung
မှော်	Hnaw
မှဲ	Hnae
မှဲ့	Hnae
မာ	Mar
မား	Mar
မိ	Mi
မိတ်	Meik
မိန်	Mein
မိန်း	Mein
မိန့်	Mein
မိပ်	Meik
မိမ်	Mein
မိမ်း	Mein
မိမ့်	Mein
မို	Mo
မိုး	Mo
မို့	Mo
မိုက်	Maik
မိုင်	Maing
မိုင်း	Maing
မိုင့်	Maing
မီ	Mee
မီး	Mee
မု	Mu
မုံ	Mon
မုံ့	Mon
မုတ်	Mok
မုန်	Mon
မုန်း	Mon
မုန့်	Mon
မုပ်	Mok
မူ	Moo
မူး	Moo
မေ	May
မေး	May
မေ့	May
မော	Maw
မော့	Maw
မောက်	Mauk
မောင်	Maung
မောင်း	Maung
မောင့်	Maung
မော်	Maw
မဲ	Mae
မဲ့	Mae